Timestamp,Barrel_Temperature,Die_Temperature,Melt_Pressure,Screw_Speed,Motor_Load,Feed_Rate,Cooling_Water_Temp,Product_Diameter,Surface_Finish
2025-01-27 13:43:41.399050,218.385,235.662,1568.226,81.951,65.799,515.484,23.005,2.394,0.806
2025-01-27 13:53:41.399050,221.308,229.136,1551.578,76.228,84.527,536.184,27.551,2.441,0.852
2025-01-27 14:03:41.399050,218.624,232.6,1508.75,89.923,78.73,528.455,21.069,2.484,0.861
2025-01-27 14:13:41.399050,215.972,232.474,1484.569,93.615,71.851,503.647,26.262,2.466,0.833
2025-01-27 14:23:41.399050,219.445,228.492,1496.946,78.327,73.776,462.413,25.197,2.554,0.926
2025-01-27 14:33:41.399050,217.645,233.923,1441.251,85.631,81.605,492.781,25.225,2.428,0.887
2025-01-27 14:43:41.399050,222.539,238.132,1483.071,81.905,72.199,477.24,25.494,2.554,0.88
2025-01-27 14:53:41.399050,225.584,230.305,1497.286,69.526,79.201,471.739,27.645,2.421,0.904
2025-01-27 15:03:41.399050,209.343,231.259,1450.32,83.183,79.848,509.694,27.158,2.461,0.942
2025-01-27 15:13:41.399050,211.173,235.822,1448.483,78.327,81.472,482.236,27.329,2.495,0.882
2025-01-27 15:23:41.399050,220.142,228.792,1515.526,73.478,70.594,518.485,26.741,2.536,0.894
2025-01-27 15:33:41.399050,218.382,230.958,1509.84,79.255,73.717,497.796,25.49,2.503,0.805
2025-01-27 15:43:41.399050,219.377,222.517,1493.824,78.774,74.538,523.188,23.194,2.532,0.996
2025-01-27 15:53:41.399050,217.603,223.875,1503.362,75.274,75.359,528.836,25.685,2.599,0.996
2025-01-27 16:03:41.399050,220.188,235.434,1559.081,83.661,68.663,504.205,27.139,2.512,0.816
2025-01-27 16:13:41.399050,218.586,237.323,1506.249,81.292,74.954,535.078,26.491,2.499,0.961
2025-01-27 16:23:41.399050,222.176,231.982,1554.244,82.841,76.753,500.955,27.188,2.506,0.983
2025-01-27 16:33:41.399050,221.458,225.587,1588.036,83.689,73.873,498.594,28.255,2.532,0.999
2025-01-27 16:43:41.399050,213.051,229.927,1635.724,73.477,73.809,513.165,24.399,2.455,0.865
2025-01-27 16:53:41.399050,223.844,239.431,1500.045,72.395,73.071,480.922,22.739,2.57,0.9
2025-01-27 17:03:41.399050,215.096,236.166,1528.664,78.262,64.247,526.965,25.34,2.487,0.928
2025-01-27 17:13:41.399050,229.797,233.661,1493.416,82.498,69.529,471.578,21.68,2.447,0.852
2025-01-27 17:23:41.399050,237.932,227.043,1527.593,86.473,69.926,491.814,23.632,2.403,0.868
2025-01-27 17:33:41.399050,221.226,238.521,1448.666,78.877,75.01,503.699,24.212,2.502,0.948
2025-01-27 17:43:41.399050,225.613,223.076,1441.972,70.83,75.699,507.321,21.661,2.539,0.899
2025-01-27 17:53:41.399050,214.855,232.679,1447.141,77.933,81.94,509.514,21.486,2.523,0.993
2025-01-27 18:03:41.399050,214.607,231.525,1476.014,69.155,80.258,490.743,19.674,2.38,0.974
2025-01-27 18:13:41.399050,213.417,236.438,1468.649,69.615,73.65,505.883,26.629,2.47,0.925
2025-01-27 18:23:41.399050,211.951,230.649,1473.423,86.916,76.324,521.964,23.742,2.396,0.804
2025-01-27 18:33:41.399050,226.312,230.958,1433.329,80.543,76.365,490.334,25.733,2.487,0.93
2025-01-27 18:43:41.399050,220.384,227.691,1487.699,81.152,76.998,498.586,26.701,2.474,0.973
2025-01-27 18:53:41.399050,221.019,230.941,1547.312,87.238,74.432,482.01,25.211,2.583,0.973
2025-01-27 19:03:41.399050,221.173,236.55,1508.275,75.374,69.875,482.055,26.332,2.527,0.889
2025-01-27 19:13:41.399050,217.966,220.804,1511.002,79.534,86.867,496.128,25.72,2.5,0.909
2025-01-27 19:23:41.399050,228.118,228.174,1489.376,85.213,70.445,474.596,26.667,2.48,0.983
2025-01-27 19:33:41.399050,214.593,226.877,1579.346,82.353,77.463,521.224,25.134,2.524,0.882
2025-01-27 19:43:41.399050,211.766,236.453,1494.377,75.807,78.056,526.878,20.361,2.544,0.841
2025-01-27 19:53:41.399050,216.055,226.767,1484.558,78.69,78.332,500.043,25.316,2.547,0.899
2025-01-27 20:03:41.399050,208.223,236.359,1554.33,85.783,77.392,507.349,24.24,2.494,0.908
2025-01-27 20:13:41.399050,223.298,224.36,1412.505,79.49,77.145,505.331,23.63,2.515,0.907
2025-01-27 20:23:41.399050,202.943,243.704,1421.129,84.004,66.812,454.84,25.544,2.564,0.967
2025-01-27 20:33:41.399050,223.535,223.626,1593.235,75.473,75.139,495.849,24.362,2.556,0.915
2025-01-27 20:43:41.399050,214.86,221.168,1506.678,70.118,71.287,468.638,24.997,2.529,0.998
2025-01-27 20:53:41.399050,221.297,228.09,1479.164,84.149,80.192,470.304,25.878,2.582,0.813
2025-01-27 21:03:41.399050,212.983,229.511,1545.153,76.035,75.026,504.739,23.441,2.532,0.872
2025-01-27 21:13:41.399050,225.595,218.816,1470.559,77.436,71.626,488.04,27.107,2.435,0.979
2025-01-27 21:23:41.399050,213.456,230.996,1533.643,77.989,74.758,461.627,26.242,2.54,0.869
2025-01-27 21:33:41.399050,219.626,226.829,1495.394,83.073,65.42,519.911,24.218,2.515,0.883
2025-01-27 21:43:41.399050,220.701,231.512,1515.343,70.972,72.023,452.614,24.646,2.433,0.842
2025-01-27 21:53:41.399050,220.407,219.534,1536.771,90.064,80.242,481.754,25.27,2.546,0.962
2025-01-27 22:03:41.399050,214.911,230.945,1561.761,88.82,86.731,502.586,24.875,2.488,0.861
2025-01-27 22:13:41.399050,221.035,227.975,1549.33,73.858,69.291,501.641,26.607,2.422,0.93
2025-01-27 22:23:41.399050,217.032,229.137,1424.839,82.759,76.02,489.514,27.728,2.48,0.863
2025-01-27 22:33:41.399050,220.989,236.966,1467.83,75.795,68.692,502.376,26.512,2.559,0.907
2025-01-27 22:43:41.399050,221.334,222.763,1557.54,79.022,69.986,504.808,28.427,2.461,0.889
2025-01-27 22:53:41.399050,223.206,236.133,1520.487,79.753,74.149,505.499,25.489,2.529,0.916
2025-01-27 23:03:41.399050,204.301,223.816,1518.666,88.026,73.858,517.642,26.084,2.504,0.843
2025-01-27 23:13:41.399050,218.56,234.131,1389.316,80.988,65.652,490.669,25.225,2.539,0.801
2025-01-27 23:23:41.399050,221.537,225.058,1572.509,82.145,73.075,494.674,29.046,2.54,0.961
2025-01-27 23:33:41.399050,212.24,232.453,1434.415,80.582,75.939,469.759,21.913,2.478,0.827
2025-01-27 23:43:41.399050,222.695,229.776,1501.414,81.182,71.873,484.302,24.228,2.438,0.827
2025-01-27 23:53:41.399050,230.325,220.436,1500.231,83.156,78.109,479.805,24.234,2.479,0.945
2025-01-28 00:03:41.399050,219.565,227.538,1527.548,72.224,72.787,518.781,27.707,2.527,0.869
2025-01-28 00:13:41.399050,218.947,231.945,1451.258,76.599,73.199,464.471,23.744,2.504,0.903
2025-01-28 00:23:41.399050,221.07,226.119,1487.124,79.036,76.223,515.9,26.853,2.47,0.896
2025-01-28 00:33:41.399050,208.714,225.62,1542.162,77.295,79.64,458.693,26.046,2.418,0.973
2025-01-28 00:43:41.399050,220.154,226.507,1585.408,72.783,73.937,508.662,23.04,2.5,0.822
2025-01-28 00:53:41.399050,213.677,229.058,1479.537,75.372,83.432,514.213,24.219,2.488,0.837
2025-01-28 01:03:41.399050,219.39,233.071,1471.458,85.627,75.162,499.513,22.842,2.419,0.978
2025-01-28 01:13:41.399050,217.607,226.093,1514.222,83.0,76.102,507.02,24.33,2.464,0.955
2025-01-28 01:23:41.399050,217.972,228.933,1481.281,84.252,72.943,498.573,29.411,2.47,0.886
2025-01-28 01:33:41.399050,213.878,219.325,1494.824,84.723,77.034,520.883,24.153,2.468,0.876
2025-01-28 01:43:41.399050,210.904,235.535,1495.62,73.588,75.174,504.523,20.066,2.517,0.934
2025-01-28 01:53:41.399050,211.422,234.33,1519.259,79.246,67.319,493.433,26.63,2.479,0.917
2025-01-28 02:03:41.399050,213.465,219.819,1542.015,77.295,72.372,511.388,25.241,2.575,0.814
2025-01-28 02:13:41.399050,228.006,223.047,1519.645,82.767,75.336,499.015,25.543,2.473,0.903
2025-01-28 02:23:41.399050,225.144,222.199,1434.391,70.783,70.885,472.082,23.873,2.446,0.98
2025-01-28 02:33:41.399050,212.209,229.001,1516.724,81.0,67.455,478.319,23.361,2.577,0.886
2025-01-28 02:43:41.399050,218.228,227.902,1517.556,76.916,74.391,519.005,20.629,2.498,0.979
2025-01-28 02:53:41.399050,217.199,222.997,1386.856,80.156,75.804,489.558,22.308,2.574,0.927
2025-01-28 03:03:41.399050,228.854,231.886,1537.128,80.87,73.337,499.851,25.579,2.538,0.839
2025-01-28 03:13:41.399050,217.405,223.683,1517.559,82.194,72.919,480.773,23.861,2.547,0.839
2025-01-28 03:23:41.399050,213.377,225.476,1510.431,89.461,81.709,520.703,24.155,2.496,0.923
2025-01-28 03:33:41.399050,218.27,236.597,1479.637,78.997,70.647,494.35,30.448,2.441,0.886
2025-01-28 03:43:41.399050,221.481,227.833,1464.815,82.905,81.203,495.452,25.112,2.477,0.929
2025-01-28 03:53:41.399050,220.324,230.521,1464.814,84.401,72.282,517.004,25.433,2.452,0.946
2025-01-28 04:03:41.399050,220.353,234.877,1359.371,81.534,76.283,486.077,29.739,2.47,0.866
2025-01-28 04:13:41.399050,222.313,217.064,1573.972,83.364,80.743,458.265,20.319,2.447,0.992
2025-01-28 04:23:41.399050,224.284,232.193,1460.871,78.879,79.386,495.331,24.229,2.422,0.928
2025-01-28 04:33:41.399050,228.924,231.081,1563.834,77.816,72.496,492.645,28.095,2.558,0.836
2025-01-28 04:43:41.399050,221.44,237.882,1525.228,70.838,83.412,471.943,22.516,2.456,0.905
2025-01-28 04:53:41.399050,217.281,237.456,1614.761,73.706,76.041,504.07,24.662,2.46,0.884
2025-01-28 05:03:41.399050,211.809,233.248,1507.169,84.005,71.907,482.862,23.065,2.598,0.976
2025-01-28 05:13:41.399050,226.18,236.925,1523.341,74.669,71.716,521.486,25.992,2.539,0.958
2025-01-28 05:23:41.399050,215.455,237.542,1584.864,81.996,69.354,488.544,25.284,2.433,0.986
2025-01-28 05:33:41.399050,222.613,227.753,1462.476,75.009,66.749,493.604,20.522,2.543,0.908
2025-01-28 05:43:41.399050,214.974,228.948,1484.106,76.6,62.739,488.224,23.764,2.45,0.825
2025-01-28 05:53:41.399050,217.951,239.346,1418.382,72.683,77.113,496.687,27.335,2.603,0.942
2025-01-28 06:03:41.399050,219.842,236.98,1479.67,78.288,68.559,485.519,23.562,2.497,0.894
2025-01-28 06:13:41.399050,214.544,227.481,1498.272,73.68,76.338,502.729,27.82,2.572,0.903
2025-01-28 06:23:41.399050,225.915,234.17,1534.204,86.579,72.427,481.557,25.433,2.526,0.84
2025-01-28 06:33:41.399050,218.65,229.103,1534.509,87.914,68.514,485.193,27.43,2.518,0.939
2025-01-28 06:43:41.399050,221.851,233.702,1547.348,82.896,71.611,507.287,26.387,2.457,0.824
2025-01-28 06:53:41.399050,228.195,238.304,1392.252,75.411,80.102,546.189,26.278,2.435,0.959
2025-01-28 07:03:41.399050,215.337,233.017,1537.587,79.766,71.419,487.923,24.395,2.554,0.845
2025-01-28 07:13:41.399050,218.053,234.424,1534.954,78.2,75.143,505.729,23.511,2.445,0.907
2025-01-28 07:23:41.399050,220.375,222.541,1465.249,77.444,76.282,506.543,26.445,2.5,0.804
2025-01-28 07:33:41.399050,213.085,234.152,1539.356,84.959,85.476,476.062,23.425,2.537,0.853
2025-01-28 07:43:41.399050,222.503,232.588,1524.784,74.134,68.268,502.265,21.581,2.49,0.948
2025-01-28 07:53:41.399050,224.021,237.607,1501.569,73.138,80.787,511.991,23.547,2.564,0.957
2025-01-28 08:03:41.399050,222.833,226.798,1575.686,77.582,72.926,478.018,25.839,2.478,0.982
2025-01-28 08:13:41.399050,215.528,232.999,1418.06,78.088,70.357,511.518,26.012,2.461,0.909
2025-01-28 08:23:41.399050,215.786,224.567,1495.496,80.749,72.246,512.748,23.131,2.532,0.939
2025-01-28 08:33:41.399050,215.928,238.52,1543.137,88.516,77.002,476.383,26.131,2.496,0.959
2025-01-28 08:43:41.399050,212.946,232.978,1545.019,83.827,72.697,509.358,25.12,2.456,0.875
2025-01-28 08:53:41.399050,218.384,231.36,1549.809,84.408,71.865,504.219,25.038,2.426,0.879
2025-01-28 09:03:41.399050,216.716,229.3,1531.832,82.294,69.841,510.599,25.535,2.491,0.995
2025-01-28 09:13:41.399050,223.061,234.939,1526.611,75.578,74.743,515.931,25.715,2.578,0.978
2025-01-28 09:23:41.399050,224.765,233.121,1579.204,80.606,73.539,516.44,27.586,2.498,0.971
2025-01-28 09:33:41.399050,231.375,232.344,1479.681,84.869,74.631,493.246,24.877,2.479,0.986
2025-01-28 09:43:41.399050,221.472,225.444,1549.003,83.312,76.642,479.151,27.626,2.5,0.945
2025-01-28 09:53:41.399050,217.631,232.828,1485.529,82.459,72.905,488.52,26.618,2.461,0.948
2025-01-28 10:03:41.399050,216.805,225.126,1545.737,75.101,75.725,480.212,21.889,2.485,0.904
2025-01-28 10:13:41.399050,216.74,228.989,1399.806,79.7,74.978,530.497,27.607,2.467,0.86
2025-01-28 10:23:41.399050,222.31,235.75,1576.762,85.928,79.543,520.795,25.229,2.533,0.974
2025-01-28 10:33:41.399050,209.727,234.759,1521.101,76.735,80.562,510.174,24.19,2.57,0.946
2025-01-28 10:43:41.399050,221.93,237.823,1451.584,76.723,72.828,486.951,25.153,2.569,0.872
2025-01-28 10:53:41.399050,219.508,221.585,1478.992,78.996,78.339,534.479,23.646,2.484,0.952
2025-01-28 11:03:41.399050,225.334,226.262,1406.324,83.991,70.365,545.368,23.148,2.465,0.94
2025-01-28 11:13:41.399050,227.183,232.106,1591.384,82.729,71.942,471.8,28.707,2.548,0.804
2025-01-28 11:23:41.399050,218.137,234.223,1520.746,86.622,70.506,520.421,23.401,2.569,0.913
2025-01-28 11:33:41.399050,206.241,236.639,1497.722,74.225,80.035,492.94,27.205,2.498,0.899
2025-01-28 11:43:41.399050,220.427,242.511,1528.012,72.931,83.287,496.508,25.399,2.387,0.81
2025-01-28 11:53:41.399050,222.142,226.348,1512.799,83.551,69.97,477.638,23.463,2.404,0.896
2025-01-28 12:03:41.399050,211.247,224.812,1483.396,81.357,79.355,459.173,22.174,2.533,0.862
2025-01-28 12:13:41.399050,228.281,231.239,1477.155,72.547,75.887,504.585,25.38,2.464,0.97
2025-01-28 12:23:41.399050,227.986,235.983,1399.04,88.751,75.313,494.054,20.369,2.473,0.892
2025-01-28 12:33:41.399050,224.989,228.252,1491.943,73.73,83.044,513.696,27.303,2.561,0.951
2025-01-28 12:43:41.399050,207.387,233.633,1500.936,78.967,67.913,482.134,23.68,2.536,0.97
2025-01-28 12:53:41.399050,217.878,232.754,1492.132,70.212,84.051,505.825,21.71,2.527,0.825
2025-01-28 13:03:41.399050,210.115,233.051,1503.927,84.685,71.107,491.356,25.108,2.443,0.827
2025-01-28 13:13:41.399050,219.935,231.514,1508.371,76.897,78.802,484.233,24.637,2.5,0.886
2025-01-28 13:23:41.399050,218.86,231.322,1492.613,75.775,78.568,468.207,26.338,2.406,0.888
2025-01-28 13:33:41.399050,226.205,224.569,1417.497,79.948,81.587,475.949,22.448,2.437,0.891
2025-01-28 13:43:41.399050,224.516,228.946,1485.716,73.596,68.594,501.133,28.777,2.507,0.87
2025-01-28 13:53:41.399050,220.352,228.598,1524.733,84.982,81.394,501.142,22.103,2.569,0.858
2025-01-28 14:03:41.399050,228.562,234.177,1456.036,75.928,72.421,524.012,23.212,2.54,0.923
2025-01-28 14:13:41.399050,212.13,223.365,1469.996,83.192,73.559,491.22,26.535,2.446,0.82
2025-01-28 14:23:41.399050,219.342,221.325,1520.31,72.585,75.697,517.43,26.955,2.474,0.875
2025-01-28 14:33:41.399050,221.074,233.66,1417.765,75.317,78.904,479.966,21.949,2.424,0.982
2025-01-28 14:43:41.399050,216.626,231.069,1536.213,82.408,79.997,472.907,27.294,2.53,0.934
2025-01-28 14:53:41.399050,224.062,223.654,1533.251,76.927,78.802,473.815,22.64,2.412,0.93
2025-01-28 15:03:41.399050,223.988,239.087,1449.827,76.417,75.533,515.963,29.952,2.425,0.801
2025-01-28 15:13:41.399050,218.525,242.767,1541.879,89.155,72.359,484.586,21.025,2.546,0.923
2025-01-28 15:23:41.399050,213.056,226.562,1514.878,83.844,63.835,508.391,23.13,2.484,0.99
2025-01-28 15:33:41.399050,221.616,227.03,1555.672,80.863,78.578,489.962,29.808,2.55,0.998
2025-01-28 15:43:41.399050,212.502,235.846,1558.286,78.663,79.426,508.028,21.139,2.471,0.99
2025-01-28 15:53:41.399050,222.738,233.727,1453.193,72.205,73.556,497.273,23.137,2.412,0.944
2025-01-28 16:03:41.399050,226.02,225.363,1469.895,74.759,73.007,517.141,23.449,2.49,0.951
2025-01-28 16:13:41.399050,217.636,225.934,1449.475,86.796,69.932,502.703,22.525,2.554,0.814
2025-01-28 16:23:41.399050,216.991,230.723,1478.703,88.928,74.816,495.234,25.758,2.53,0.944
2025-01-28 16:33:41.399050,221.585,223.52,1553.87,85.862,70.996,520.511,24.275,2.472,0.888
2025-01-28 16:43:41.399050,217.521,229.386,1453.115,74.799,83.229,521.411,24.845,2.453,0.829
2025-01-28 16:53:41.399050,215.209,231.96,1487.884,84.807,72.583,505.411,23.994,2.506,0.844
2025-01-28 17:03:41.399050,217.126,229.406,1542.394,81.638,77.221,485.53,25.999,2.536,0.842
2025-01-28 17:13:41.399050,218.647,217.234,1446.448,74.62,81.562,488.225,25.948,2.449,0.991
2025-01-28 17:23:41.399050,218.678,233.72,1439.569,77.434,64.123,479.159,28.589,2.6,0.989
2025-01-28 17:33:41.399050,221.382,224.034,1496.625,88.381,80.648,490.007,23.501,2.561,0.912
2025-01-28 17:43:41.399050,215.093,229.677,1454.412,75.18,76.871,501.388,26.841,2.415,0.84
2025-01-28 17:53:41.399050,223.102,222.504,1416.705,73.269,65.774,522.757,26.328,2.423,0.871
2025-01-28 18:03:41.399050,210.722,219.014,1445.125,81.236,81.048,510.927,26.902,2.464,0.984
2025-01-28 18:13:41.399050,217.069,229.065,1594.136,84.667,69.622,502.527,23.312,2.528,0.927
2025-01-28 18:23:41.399050,222.924,220.27,1514.655,74.65,74.479,503.33,21.438,2.485,0.96
2025-01-28 18:33:41.399050,218.467,232.465,1454.926,77.976,82.786,522.271,27.038,2.582,0.826
2025-01-28 18:43:41.399050,225.371,227.834,1464.404,85.769,67.582,508.296,24.023,2.536,0.915
2025-01-28 18:53:41.399050,223.482,223.25,1523.809,82.24,66.069,523.32,24.889,2.53,0.957
2025-01-28 19:03:41.399050,227.537,226.286,1458.762,78.124,76.808,517.191,22.068,2.505,0.809
2025-01-28 19:13:41.399050,216.09,233.83,1517.491,80.266,86.246,516.872,24.039,2.479,0.848
2025-01-28 19:23:41.399050,225.234,232.399,1588.314,84.116,72.077,484.078,24.578,2.481,0.992
2025-01-28 19:33:41.399050,227.081,226.343,1532.427,74.985,73.145,515.1,23.114,2.445,0.811
2025-01-28 19:43:41.399050,222.364,231.377,1503.964,79.498,70.298,497.902,23.831,2.483,0.893
2025-01-28 19:53:41.399050,218.638,234.287,1456.626,74.151,77.832,500.264,25.016,2.514,0.85
2025-01-28 20:03:41.399050,219.585,228.128,1464.88,83.147,80.185,498.039,19.46,2.488,0.803
2025-01-28 20:13:41.399050,223.52,227.807,1427.551,80.597,80.997,512.204,27.595,2.539,0.921
2025-01-28 20:23:41.399050,223.614,229.448,1478.035,82.402,68.489,504.356,26.054,2.503,0.972
2025-01-28 20:33:41.399050,217.543,229.473,1472.369,81.515,79.882,509.647,24.387,2.429,1.0
2025-01-28 20:43:41.399050,218.129,232.83,1468.029,72.86,73.897,525.967,25.882,2.467,0.984
2025-01-28 20:53:41.399050,222.577,233.199,1409.547,85.26,71.914,487.572,27.619,2.467,0.855
2025-01-28 21:03:41.399050,218.187,232.431,1442.783,70.275,68.516,521.12,25.212,2.533,0.967
2025-01-28 21:13:41.399050,219.985,234.109,1512.026,84.818,64.329,484.933,25.24,2.533,0.983
2025-01-28 21:23:41.399050,216.733,226.05,1540.831,81.188,78.174,510.03,28.69,2.547,0.81
2025-01-28 21:33:41.399050,215.617,228.639,1506.626,91.368,70.038,475.014,20.887,2.494,0.88
2025-01-28 21:43:41.399050,218.81,235.869,1504.42,89.918,72.905,482.08,25.64,2.545,0.919
2025-01-28 21:53:41.399050,222.519,227.342,1564.742,80.265,72.217,479.643,24.809,2.521,0.849
2025-01-28 22:03:41.399050,217.715,233.22,1520.325,74.851,73.74,494.508,24.693,2.491,0.833
2025-01-28 22:13:41.399050,221.764,224.362,1504.67,78.661,73.527,507.607,24.367,2.41,0.905
2025-01-28 22:23:41.399050,224.65,237.435,1398.5,69.719,72.4,510.113,22.085,2.52,0.925
2025-01-28 22:33:41.399050,220.39,227.736,1599.544,90.963,74.802,443.578,27.387,2.494,0.828
2025-01-28 22:43:41.399050,217.767,237.406,1557.034,78.825,80.488,497.413,27.01,2.505,0.82
2025-01-28 22:53:41.399050,212.544,230.136,1483.366,78.878,72.114,486.683,22.966,2.509,0.888
2025-01-28 23:03:41.399050,213.731,228.175,1447.841,77.129,74.235,503.602,25.977,2.562,0.994
2025-01-28 23:13:41.399050,219.609,227.988,1460.732,71.466,77.663,487.954,25.818,2.423,0.981
2025-01-28 23:23:41.399050,218.218,233.748,1484.778,79.483,71.674,490.739,26.41,2.498,0.824
2025-01-28 23:33:41.399050,214.996,229.558,1460.574,72.237,71.271,524.975,22.866,2.544,0.815
2025-01-28 23:43:41.399050,225.863,236.813,1530.305,77.759,76.719,509.77,24.379,2.566,0.977
2025-01-28 23:53:41.399050,228.914,223.072,1462.409,81.153,68.808,450.511,28.305,2.383,0.993
2025-01-29 00:03:41.399050,216.772,234.611,1513.673,79.717,84.768,500.777,22.1,2.6,0.989
2025-01-29 00:13:41.399050,220.682,231.745,1514.937,78.166,73.256,472.198,26.567,2.522,0.924
2025-01-29 00:23:41.399050,230.989,229.043,1464.102,85.55,71.697,525.293,24.517,2.509,0.948
2025-01-29 00:33:41.399050,209.999,227.275,1415.989,79.963,78.839,497.131,22.934,2.515,0.82
2025-01-29 00:43:41.399050,224.336,232.473,1555.777,81.203,83.089,504.516,24.125,2.535,0.825
2025-01-29 00:53:41.399050,230.32,226.475,1557.286,86.747,81.089,490.429,23.447,2.577,0.916
2025-01-29 01:03:41.399050,220.242,218.775,1513.341,80.391,77.879,516.066,24.201,2.455,0.918
2025-01-29 01:13:41.399050,209.572,232.085,1503.403,95.756,71.24,500.665,26.668,2.491,0.864
2025-01-29 01:23:41.399050,220.459,223.242,1431.79,78.497,75.761,512.943,24.804,2.551,0.905
2025-01-29 01:33:41.399050,222.384,231.271,1461.96,78.869,73.344,509.109,29.2,2.562,0.885
2025-01-29 01:43:41.399050,224.939,236.233,1429.576,77.917,76.083,506.357,22.754,2.526,0.989
2025-01-29 01:53:41.399050,225.111,222.373,1473.912,73.117,83.2,491.091,23.026,2.464,0.973
2025-01-29 02:03:41.399050,217.642,231.307,1536.885,81.558,72.795,513.47,24.487,2.497,0.872
2025-01-29 02:13:41.399050,219.219,231.385,1466.832,74.605,72.32,475.915,23.021,2.486,0.812
2025-01-29 02:23:41.399050,216.257,235.638,1533.729,81.339,77.602,502.638,22.466,2.44,0.935
2025-01-29 02:33:41.399050,229.659,226.932,1527.007,84.523,70.256,504.645,26.318,2.544,0.948
2025-01-29 02:43:41.399050,219.73,229.711,1498.115,80.622,78.709,481.417,24.004,2.528,0.803
2025-01-29 02:53:41.399050,216.632,230.145,1575.085,81.469,81.394,481.798,22.288,2.464,0.966
2025-01-29 03:03:41.399050,221.091,233.303,1559.084,80.473,70.106,507.582,26.59,2.57,0.951
2025-01-29 03:13:41.399050,221.81,227.711,1478.046,79.099,76.195,527.455,23.864,2.478,0.953
2025-01-29 03:23:41.399050,228.683,236.313,1412.805,72.159,67.685,518.799,24.894,2.458,0.925
2025-01-29 03:33:41.399050,219.613,226.351,1455.457,79.763,74.303,509.069,24.273,2.594,0.964
2025-01-29 03:43:41.399050,217.792,230.574,1541.068,76.659,75.205,491.206,27.098,2.407,0.926
2025-01-29 03:53:41.399050,225.067,223.675,1552.807,82.77,71.491,487.968,25.951,2.469,0.883
2025-01-29 04:03:41.399050,231.049,230.888,1476.66,80.488,68.166,486.847,23.65,2.462,0.84
2025-01-29 04:13:41.399050,232.369,225.715,1532.838,75.588,77.563,511.785,26.547,2.511,0.808
2025-01-29 04:23:41.399050,219.951,234.793,1470.881,90.34,71.528,536.317,23.772,2.528,0.811
2025-01-29 04:33:41.399050,220.843,229.213,1422.192,77.399,73.618,520.841,24.12,2.544,0.855
2025-01-29 04:43:41.399050,223.427,236.268,1533.674,83.094,71.783,515.144,24.14,2.495,0.983
2025-01-29 04:53:41.399050,226.519,227.266,1477.929,79.298,75.104,492.978,23.221,2.581,0.963
2025-01-29 05:03:41.399050,223.657,230.758,1535.283,77.402,72.324,518.276,25.215,2.509,0.92
2025-01-29 05:13:41.399050,229.176,235.833,1461.737,70.918,70.959,483.335,28.206,2.569,0.933
2025-01-29 05:23:41.399050,219.612,226.75,1414.028,80.987,74.096,506.979,26.685,2.58,0.92
2025-01-29 05:33:41.399050,226.666,230.873,1446.248,78.473,77.737,488.516,25.011,2.573,0.982
2025-01-29 05:43:41.399050,216.002,233.136,1507.427,73.819,75.633,530.098,27.529,2.388,0.894
2025-01-29 05:53:41.399050,217.919,225.233,1422.594,77.505,70.835,511.23,26.662,2.507,0.845
2025-01-29 06:03:41.399050,225.092,232.427,1439.814,77.904,77.564,493.67,28.277,2.504,0.856
2025-01-29 06:13:41.399050,218.95,236.801,1489.174,79.317,76.035,483.668,25.321,2.485,0.814
2025-01-29 06:23:41.399050,222.7,241.447,1417.926,86.283,73.945,508.545,22.446,2.536,0.968
2025-01-29 06:33:41.399050,219.051,230.182,1593.169,79.026,72.932,512.129,27.314,2.486,0.882
2025-01-29 06:43:41.399050,226.188,228.985,1593.844,76.874,86.982,511.18,24.875,2.476,0.969
2025-01-29 06:53:41.399050,216.224,235.132,1471.058,81.037,74.991,488.509,25.886,2.532,0.95
2025-01-29 07:03:41.399050,217.691,234.932,1472.932,83.458,75.007,500.026,25.755,2.547,0.865
2025-01-29 07:13:41.399050,228.032,231.168,1482.695,86.082,76.545,503.332,25.056,2.539,0.837
2025-01-29 07:23:41.399050,228.224,230.175,1479.119,79.927,66.226,495.666,24.949,2.563,0.999
2025-01-29 07:33:41.399050,221.063,226.232,1518.369,76.204,66.045,502.682,24.748,2.48,0.976
2025-01-29 07:43:41.399050,223.942,225.812,1539.139,76.875,66.411,498.826,26.919,2.504,0.874
2025-01-29 07:53:41.399050,211.717,225.722,1486.059,78.673,73.142,480.945,23.94,2.492,0.91
2025-01-29 08:03:41.399050,219.1,235.417,1487.508,80.295,70.144,496.185,24.315,2.515,0.832
2025-01-29 08:13:41.399050,215.494,221.823,1497.122,82.424,82.696,480.894,28.2,2.417,0.848
2025-01-29 08:23:41.399050,228.284,233.553,1535.106,64.773,69.6,494.138,25.989,2.516,0.89
2025-01-29 08:33:41.399050,227.424,236.066,1437.091,82.272,68.753,541.693,25.108,2.547,0.92
2025-01-29 08:43:41.399050,217.772,213.688,1496.788,74.377,76.944,524.978,23.193,2.579,0.815
2025-01-29 08:53:41.399050,215.888,230.016,1438.192,76.96,78.251,501.091,26.876,2.449,0.961
2025-01-29 09:03:41.399050,228.804,233.186,1456.924,75.862,76.755,428.255,25.567,2.527,0.917
2025-01-29 09:13:41.399050,225.578,225.72,1544.221,80.979,74.925,541.625,22.254,2.512,0.866
2025-01-29 09:23:41.399050,214.258,230.075,1526.42,69.916,74.245,474.897,28.401,2.453,0.831
2025-01-29 09:33:41.399050,218.133,236.701,1460.24,82.862,69.529,509.62,21.81,2.471,0.91
2025-01-29 09:43:41.399050,214.245,224.949,1459.883,79.113,81.894,511.55,23.209,2.416,0.88
2025-01-29 09:53:41.399050,216.273,232.753,1519.965,75.683,71.838,471.432,26.545,2.533,0.96
2025-01-29 10:03:41.399050,214.148,231.179,1470.175,74.902,80.431,497.989,25.834,2.584,0.97
2025-01-29 10:13:41.399050,215.363,229.516,1561.208,73.438,71.711,527.854,24.256,2.552,0.932
2025-01-29 10:23:41.399050,222.386,235.257,1520.774,85.385,82.264,539.719,29.024,2.474,0.824
2025-01-29 10:33:41.399050,214.501,221.604,1560.996,80.359,71.675,463.7,23.618,2.615,0.874
2025-01-29 10:43:41.399050,226.672,238.392,1521.655,81.646,74.643,498.387,22.331,2.428,0.952
2025-01-29 10:53:41.399050,213.806,228.501,1505.25,79.951,68.518,529.72,21.347,2.495,0.901
2025-01-29 11:03:41.399050,221.101,234.746,1514.305,83.715,76.112,504.509,20.239,2.519,0.828
2025-01-29 11:13:41.399050,220.797,226.189,1433.174,75.424,78.717,507.748,26.367,2.541,0.89
2025-01-29 11:23:41.399050,218.185,233.3,1539.924,73.3,64.46,478.944,25.936,2.467,0.833
2025-01-29 11:33:41.399050,226.438,232.223,1559.587,91.546,82.382,504.561,24.501,2.496,0.989
2025-01-29 11:43:41.399050,222.258,229.753,1573.102,85.807,69.731,499.097,27.735,2.476,0.941
2025-01-29 11:53:41.399050,223.832,230.137,1404.365,90.132,83.427,541.133,26.995,2.494,0.841
2025-01-29 12:03:41.399050,230.154,231.034,1444.476,79.286,76.396,475.231,24.61,2.401,0.854
2025-01-29 12:13:41.399050,216.199,231.61,1404.025,80.73,75.864,496.879,25.812,2.546,0.957
2025-01-29 12:23:41.399050,225.315,226.251,1552.459,87.433,81.892,478.542,21.057,2.433,0.895
2025-01-29 12:33:41.399050,200.28,233.702,1558.178,90.116,67.039,499.098,26.955,2.441,0.892
2025-01-29 12:43:41.399050,222.749,227.673,1571.295,77.151,74.753,439.471,26.137,2.46,0.91
2025-01-29 12:53:41.399050,227.167,226.741,1505.325,82.407,71.352,527.683,27.215,2.523,0.815
2025-01-29 13:03:41.399050,220.395,235.871,1520.658,77.929,83.369,488.358,20.868,2.448,0.922
2025-01-29 13:13:41.399050,229.603,234.053,1449.186,85.165,73.876,514.257,25.92,2.514,0.887
2025-01-29 13:23:41.399050,222.146,232.941,1460.099,77.872,77.742,522.506,27.855,2.531,0.93
2025-01-29 13:33:41.399050,214.316,218.786,1533.931,90.059,78.825,504.703,24.072,2.568,0.873
2025-01-29 13:43:41.399050,219.461,231.802,1517.508,85.565,76.679,507.159,23.566,2.545,0.809
2025-01-29 13:53:41.399050,228.857,230.303,1525.707,79.991,82.572,485.776,20.94,2.424,0.927
2025-01-29 14:03:41.399050,235.219,230.905,1468.938,81.086,78.937,486.967,25.357,2.489,0.964
2025-01-29 14:13:41.399050,211.069,228.625,1385.876,85.264,68.829,512.371,26.856,2.533,0.968
2025-01-29 14:23:41.399050,223.364,232.538,1528.61,81.188,70.021,521.626,26.109,2.41,0.803
2025-01-29 14:33:41.399050,227.115,240.568,1389.52,74.397,78.578,503.229,25.02,2.455,0.844
2025-01-29 14:43:41.399050,226.853,231.123,1498.589,86.808,74.146,491.994,24.893,2.507,0.89
2025-01-29 14:53:41.399050,221.857,226.955,1522.727,88.735,69.378,491.098,24.43,2.429,0.839
2025-01-29 15:03:41.399050,219.477,228.193,1498.649,74.184,76.269,500.494,26.721,2.509,0.821
2025-01-29 15:13:41.399050,223.408,233.712,1465.481,87.691,72.283,500.236,23.74,2.522,0.928
2025-01-29 15:23:41.399050,220.543,234.169,1493.159,82.644,76.207,502.194,24.947,2.469,0.919
2025-01-29 15:33:41.399050,219.823,231.119,1409.193,80.237,76.314,525.059,26.05,2.521,0.856
2025-01-29 15:43:41.399050,218.817,226.589,1442.378,78.307,74.081,502.931,25.012,2.488,0.997
2025-01-29 15:53:41.399050,223.669,229.429,1491.7,80.227,77.808,489.113,24.176,2.455,0.886
2025-01-29 16:03:41.399050,229.775,228.428,1460.008,83.735,68.489,525.399,25.356,2.476,0.892
2025-01-29 16:13:41.399050,213.392,230.86,1528.685,73.34,68.955,506.815,23.717,2.47,0.966
2025-01-29 16:23:41.399050,216.692,237.521,1460.901,86.818,65.958,488.424,26.417,2.498,0.924
2025-01-29 16:33:41.399050,222.447,224.764,1574.987,76.572,75.32,544.734,27.312,2.488,0.888
2025-01-29 16:43:41.399050,222.173,235.814,1476.336,82.299,75.893,538.23,20.423,2.504,0.858
2025-01-29 16:53:41.399050,215.829,234.985,1477.001,86.054,79.974,521.042,22.227,2.557,0.908
2025-01-29 17:03:41.399050,227.882,215.799,1412.618,82.346,71.284,509.18,24.747,2.583,0.984
2025-01-29 17:13:41.399050,215.038,223.508,1410.91,84.029,79.261,497.58,22.614,2.529,0.883
2025-01-29 17:23:41.399050,214.748,225.591,1497.349,83.429,81.572,497.132,25.183,2.531,0.807
2025-01-29 17:33:41.399050,221.128,231.433,1420.699,78.517,73.118,454.283,24.801,2.481,0.926
2025-01-29 17:43:41.399050,215.768,230.67,1478.994,76.295,82.85,486.581,22.849,2.455,0.99
2025-01-29 17:53:41.399050,219.43,224.737,1560.994,82.428,83.145,493.271,23.304,2.475,0.921
2025-01-29 18:03:41.399050,217.189,228.086,1502.115,71.557,79.891,516.046,24.365,2.454,0.875
2025-01-29 18:13:41.399050,219.755,225.331,1615.081,69.067,71.482,489.29,25.234,2.482,0.958
2025-01-29 18:23:41.399050,219.324,233.462,1490.044,83.938,73.066,488.01,27.218,2.597,0.872
2025-01-29 18:33:41.399050,226.748,226.304,1445.954,81.559,71.113,493.689,26.579,2.539,0.838
2025-01-29 18:43:41.399050,218.595,221.692,1495.404,86.552,80.159,513.335,27.9,2.513,0.908
2025-01-29 18:53:41.399050,214.808,234.898,1544.222,80.687,71.155,512.783,25.218,2.451,0.847
2025-01-29 19:03:41.399050,224.864,228.874,1573.318,84.736,75.425,475.701,24.361,2.59,0.847
2025-01-29 19:13:41.399050,229.827,220.975,1521.524,67.761,79.394,486.573,28.726,2.539,0.951
2025-01-29 19:23:41.399050,223.736,234.706,1529.577,84.085,77.956,496.118,24.086,2.516,0.84
2025-01-29 19:33:41.399050,210.413,232.82,1471.165,80.982,74.036,505.869,25.838,2.515,0.803
2025-01-29 19:43:41.399050,220.847,226.141,1549.358,80.374,77.376,502.647,24.817,2.46,0.987
2025-01-29 19:53:41.399050,223.006,227.691,1605.667,79.043,73.547,510.485,23.229,2.41,0.886
2025-01-29 20:03:41.399050,225.968,233.348,1409.947,83.359,76.469,502.879,25.62,2.528,0.984
2025-01-29 20:13:41.399050,220.942,226.179,1515.866,76.696,76.478,473.744,21.655,2.579,0.996
2025-01-29 20:23:41.399050,228.609,232.23,1492.676,80.474,71.665,498.306,24.236,2.445,0.884
2025-01-29 20:33:41.399050,216.94,236.782,1449.09,84.882,76.249,493.898,25.974,2.485,0.855
2025-01-29 20:43:41.399050,219.37,232.466,1436.629,79.847,78.961,441.886,25.731,2.469,0.974
2025-01-29 20:53:41.399050,214.249,231.981,1456.361,83.932,74.803,482.754,24.254,2.498,0.912
2025-01-29 21:03:41.399050,219.251,226.977,1486.865,69.849,75.684,524.931,27.611,2.47,0.904
2025-01-29 21:13:41.399050,217.727,238.359,1440.415,73.683,72.276,523.738,22.01,2.462,0.929
2025-01-29 21:23:41.399050,219.38,229.386,1554.731,76.61,63.064,478.894,26.186,2.537,0.924
2025-01-29 21:33:41.399050,220.316,233.344,1469.474,68.631,71.077,513.528,25.771,2.575,0.966
2025-01-29 21:43:41.399050,213.782,228.152,1577.729,86.905,80.744,454.569,26.198,2.51,0.853
2025-01-29 21:53:41.399050,217.567,226.511,1530.234,81.369,80.418,465.767,24.339,2.507,0.823
2025-01-29 22:03:41.399050,215.43,225.749,1524.735,72.163,70.177,481.868,24.221,2.424,0.999
2025-01-29 22:13:41.399050,220.133,222.008,1518.322,84.723,74.064,500.212,24.032,2.461,0.992
2025-01-29 22:23:41.399050,216.052,226.289,1487.239,69.984,65.918,508.671,24.004,2.336,0.801
2025-01-29 22:33:41.399050,227.584,239.78,1529.234,74.593,72.696,475.368,23.717,2.494,0.814
2025-01-29 22:43:41.399050,223.29,227.808,1446.194,82.741,73.849,536.511,23.319,2.53,0.862
2025-01-29 22:53:41.399050,219.317,227.238,1480.787,74.017,70.082,479.367,23.047,2.498,0.855
2025-01-29 23:03:41.399050,221.828,228.811,1527.052,88.721,73.539,516.748,23.09,2.456,0.94
2025-01-29 23:13:41.399050,218.661,236.504,1514.462,83.523,63.294,536.406,25.476,2.447,0.908
2025-01-29 23:23:41.399050,219.419,226.444,1551.433,78.036,69.324,521.434,27.614,2.574,0.923
2025-01-29 23:33:41.399050,216.78,230.201,1519.836,74.061,74.218,508.823,23.752,2.446,0.95
2025-01-29 23:43:41.399050,213.667,232.483,1506.918,85.868,80.097,488.335,26.88,2.584,0.964
2025-01-29 23:53:41.399050,215.817,226.783,1423.406,75.389,73.269,476.219,23.552,2.437,0.97
2025-01-30 00:03:41.399050,227.018,234.133,1503.032,84.734,65.195,511.701,26.98,2.478,0.807
2025-01-30 00:13:41.399050,219.691,233.444,1478.583,85.37,77.054,516.575,24.282,2.473,0.875
2025-01-30 00:23:41.399050,221.48,238.841,1457.201,79.113,71.536,499.491,23.078,2.4,0.859
2025-01-30 00:33:41.399050,222.63,239.542,1541.674,85.015,74.933,492.829,25.632,2.484,0.981
2025-01-30 00:43:41.399050,214.33,227.827,1361.646,78.084,86.078,495.218,25.644,2.414,0.964
2025-01-30 00:53:41.399050,218.935,228.698,1586.42,74.092,78.743,539.061,25.133,2.578,0.896
2025-01-30 01:03:41.399050,227.899,227.129,1487.217,74.134,73.731,507.136,25.018,2.461,0.817
2025-01-30 01:13:41.399050,221.421,233.542,1435.616,81.27,79.195,519.608,25.336,2.445,0.963
2025-01-30 01:23:41.399050,230.886,226.077,1382.198,87.02,77.728,533.639,23.094,2.48,0.873
2025-01-30 01:33:41.399050,227.782,226.258,1509.445,87.493,69.212,519.978,24.1,2.439,0.815
2025-01-30 01:43:41.399050,214.34,231.417,1452.966,73.705,71.902,498.612,24.662,2.52,0.892
2025-01-30 01:53:41.399050,217.482,227.229,1446.972,76.931,81.403,474.148,28.057,2.499,0.965
2025-01-30 02:03:41.399050,216.365,223.382,1561.55,87.367,72.393,494.913,28.033,2.438,0.917
2025-01-30 02:13:41.399050,234.127,236.693,1484.585,76.717,75.763,514.093,27.501,2.551,0.917
2025-01-30 02:23:41.399050,223.466,228.626,1551.655,78.719,80.299,509.381,26.49,2.535,0.903
2025-01-30 02:33:41.399050,213.411,236.29,1538.107,78.524,77.613,497.872,26.693,2.569,0.856
2025-01-30 02:43:41.399050,223.577,243.581,1516.643,71.64,80.449,533.625,26.129,2.566,0.905
2025-01-30 02:53:41.399050,218.69,225.903,1571.541,80.201,68.365,491.864,27.754,2.512,0.978
2025-01-30 03:03:41.399050,215.388,225.516,1436.619,81.959,68.417,522.473,26.041,2.502,0.934
2025-01-30 03:13:41.399050,221.845,236.645,1504.214,81.51,67.788,488.424,26.378,2.476,0.884
2025-01-30 03:23:41.399050,219.183,231.766,1522.706,81.488,75.294,514.533,22.697,2.528,0.871
2025-01-30 03:33:41.399050,223.729,232.003,1556.802,75.864,64.059,479.147,28.203,2.509,0.903
2025-01-30 03:43:41.399050,214.938,234.263,1606.147,83.155,73.555,473.389,25.818,2.549,0.959
2025-01-30 03:53:41.399050,226.397,229.17,1471.198,77.046,70.303,473.687,26.889,2.368,0.862
2025-01-30 04:03:41.399050,234.274,222.413,1435.246,85.647,74.922,498.212,21.938,2.566,0.99
2025-01-30 04:13:41.399050,214.234,240.664,1510.744,78.33,65.986,492.217,28.053,2.505,0.935
2025-01-30 04:23:41.399050,216.828,232.644,1475.338,78.941,74.291,469.619,25.391,2.528,0.974
2025-01-30 04:33:41.399050,227.213,221.834,1407.139,78.496,74.58,504.125,25.654,2.517,0.841
2025-01-30 04:43:41.399050,221.423,225.419,1486.313,83.853,84.482,506.185,25.48,2.591,0.899
2025-01-30 04:53:41.399050,220.647,226.479,1421.46,76.054,84.7,485.277,25.062,2.48,0.886
2025-01-30 05:03:41.399050,216.176,232.981,1524.505,78.006,79.62,480.739,22.344,2.521,0.808
2025-01-30 05:13:41.399050,215.337,222.0,1469.803,82.352,75.061,487.999,27.769,2.549,0.825
2025-01-30 05:23:41.399050,213.783,232.186,1468.868,81.542,72.388,487.203,27.589,2.478,0.935
2025-01-30 05:33:41.399050,220.9,236.956,1543.639,78.92,79.781,487.037,20.424,2.537,0.978
2025-01-30 05:43:41.399050,225.559,231.865,1521.438,75.317,75.514,484.377,23.121,2.441,0.82
2025-01-30 05:53:41.399050,220.23,224.726,1437.679,79.299,81.819,486.342,26.667,2.559,0.969
2025-01-30 06:03:41.399050,216.201,226.026,1437.841,83.976,73.757,527.937,23.18,2.543,0.976
2025-01-30 06:13:41.399050,208.448,233.344,1572.768,86.874,81.217,525.675,24.252,2.48,0.81
2025-01-30 06:23:41.399050,225.97,223.354,1503.545,81.683,69.491,463.506,23.859,2.502,0.904
2025-01-30 06:33:41.399050,218.495,220.017,1496.477,74.752,73.875,503.792,22.842,2.473,0.95
2025-01-30 06:43:41.399050,230.448,231.418,1543.888,77.747,64.063,488.552,26.164,2.521,0.837
2025-01-30 06:53:41.399050,212.251,230.899,1427.622,76.358,73.745,456.434,26.765,2.563,0.838
2025-01-30 07:03:41.399050,228.045,240.851,1471.685,80.143,76.697,519.698,20.529,2.528,0.973
2025-01-30 07:13:41.399050,218.235,235.652,1480.808,78.813,82.024,470.739,26.241,2.521,0.989
2025-01-30 07:23:41.399050,226.17,233.618,1456.745,77.749,75.968,504.142,28.496,2.488,0.849
2025-01-30 07:33:41.399050,219.222,232.598,1422.87,82.845,75.826,503.967,27.565,2.517,0.858
2025-01-30 07:43:41.399050,233.281,230.301,1547.99,84.054,77.903,476.85,27.553,2.563,0.819
2025-01-30 07:53:41.399050,223.044,233.271,1464.847,77.03,73.549,496.051,23.473,2.505,0.907
2025-01-30 08:03:41.399050,214.743,224.14,1571.619,83.428,74.513,499.796,26.588,2.517,0.935
2025-01-30 08:13:41.399050,220.139,225.531,1474.549,77.512,65.539,520.951,24.102,2.552,0.998
2025-01-30 08:23:41.399050,221.688,228.305,1451.348,65.571,78.306,476.946,24.885,2.534,0.886
2025-01-30 08:33:41.399050,219.334,234.274,1525.651,82.531,81.452,479.793,26.432,2.48,0.999
2025-01-30 08:43:41.399050,223.173,226.259,1544.48,80.291,68.461,443.917,23.279,2.457,0.87
2025-01-30 08:53:41.399050,218.07,233.449,1545.4,82.984,77.876,468.358,24.578,2.425,0.946
2025-01-30 09:03:41.399050,222.545,232.026,1397.045,83.475,72.471,482.325,23.99,2.45,0.816
2025-01-30 09:13:41.399050,224.169,232.963,1546.251,81.225,73.591,505.756,25.68,2.469,0.985
2025-01-30 09:23:41.399050,224.381,232.237,1441.372,80.601,79.046,499.85,30.323,2.537,0.929
2025-01-30 09:33:41.399050,226.65,228.682,1545.341,80.715,70.745,514.47,24.717,2.613,0.962
2025-01-30 09:43:41.399050,213.121,234.025,1572.74,86.558,73.748,516.104,24.441,2.529,0.949
2025-01-30 09:53:41.399050,224.872,233.853,1490.659,77.553,71.856,524.076,20.863,2.526,0.91
2025-01-30 10:03:41.399050,212.189,235.988,1459.328,85.321,74.083,472.563,22.296,2.554,0.817
2025-01-30 10:13:41.399050,222.907,233.859,1452.446,86.515,78.873,461.429,27.966,2.455,0.822
2025-01-30 10:23:41.399050,220.434,232.282,1492.944,72.479,72.0,484.863,23.222,2.421,0.986
2025-01-30 10:33:41.399050,219.283,243.153,1508.62,87.554,87.198,492.316,25.364,2.531,0.873
2025-01-30 10:43:41.399050,222.427,230.817,1515.135,77.244,75.109,528.053,25.201,2.501,0.814
2025-01-30 10:53:41.399050,209.912,227.413,1464.5,82.351,75.418,484.407,24.195,2.462,0.851
2025-01-30 11:03:41.399050,220.033,234.539,1506.1,84.908,76.524,522.866,24.863,2.503,0.955
2025-01-30 11:13:41.399050,220.092,230.045,1490.352,80.382,84.519,497.116,23.854,2.602,0.879
2025-01-30 11:23:41.399050,216.535,228.844,1485.756,79.934,77.705,521.639,28.925,2.53,0.996
2025-01-30 11:33:41.399050,216.519,230.825,1414.736,84.091,69.903,488.138,26.747,2.461,0.822
2025-01-30 11:43:41.399050,227.0,230.684,1514.402,82.039,69.666,520.17,26.576,2.478,0.996
2025-01-30 11:53:41.399050,227.765,233.629,1438.561,76.91,71.561,483.304,22.03,2.497,0.884
2025-01-30 12:03:41.399050,208.749,234.588,1471.874,75.536,70.42,465.543,22.874,2.478,0.827
2025-01-30 12:13:41.399050,220.487,236.014,1524.288,77.712,83.574,489.822,25.962,2.599,0.877
2025-01-30 12:23:41.399050,216.041,239.823,1452.431,70.859,81.332,491.087,23.4,2.614,0.951
2025-01-30 12:33:41.399050,225.855,235.387,1469.682,86.721,77.489,490.502,24.687,2.516,0.802
2025-01-30 12:43:41.399050,218.451,230.946,1507.402,75.424,76.964,517.898,25.773,2.48,0.837
2025-01-30 12:53:41.399050,229.71,226.061,1598.162,87.173,76.204,495.011,25.023,2.429,0.86
2025-01-30 13:03:41.399050,230.361,226.695,1442.339,80.849,76.874,505.968,24.36,2.48,0.954
2025-01-30 13:13:41.399050,222.39,230.388,1541.559,74.196,73.585,500.377,24.435,2.432,0.928
2025-01-30 13:23:41.399050,219.562,235.211,1490.778,79.934,74.551,499.831,25.567,2.474,0.924
2025-01-30 13:33:41.399050,215.818,227.847,1518.1,81.917,71.025,492.204,26.299,2.581,0.965
2025-01-30 13:43:41.399050,210.025,233.822,1530.197,76.047,75.111,491.507,26.738,2.46,0.811
2025-01-30 13:53:41.399050,223.86,235.318,1462.654,80.304,79.346,505.845,26.452,2.48,0.948
2025-01-30 14:03:41.399050,220.152,228.701,1551.618,81.113,74.111,499.6,28.275,2.487,0.967
2025-01-30 14:13:41.399050,213.37,225.077,1582.055,79.783,76.771,522.468,24.645,2.499,0.964
2025-01-30 14:23:41.399050,226.154,233.64,1504.421,79.276,69.96,503.607,23.665,2.491,0.977
2025-01-30 14:33:41.399050,216.154,224.234,1486.72,80.343,58.685,495.567,24.76,2.502,0.883
2025-01-30 14:43:41.399050,218.299,225.647,1501.584,77.235,80.086,520.982,25.514,2.472,0.904
2025-01-30 14:53:41.399050,226.052,225.987,1465.819,84.218,75.105,536.065,28.441,2.468,0.983
2025-01-30 15:03:41.399050,220.045,219.092,1437.98,81.918,75.087,489.95,27.392,2.488,0.801
2025-01-30 15:13:41.399050,217.08,237.829,1548.141,74.048,74.39,490.176,25.015,2.449,0.983
2025-01-30 15:23:41.399050,221.714,235.178,1504.057,81.489,82.493,506.305,23.548,2.48,0.831
2025-01-30 15:33:41.399050,219.852,234.882,1461.417,73.558,73.784,512.667,25.312,2.494,0.802
2025-01-30 15:43:41.399050,221.315,226.597,1508.004,81.966,68.093,491.211,23.992,2.501,0.861
2025-01-30 15:53:41.399050,233.41,229.589,1433.751,77.115,66.161,494.09,26.589,2.463,0.844
2025-01-30 16:03:41.399050,212.689,234.566,1546.716,72.142,70.101,476.463,27.032,2.45,0.903
2025-01-30 16:13:41.399050,220.171,234.577,1505.356,79.523,74.315,486.967,25.333,2.452,0.951
2025-01-30 16:23:41.399050,212.942,230.664,1574.647,77.7,77.41,501.212,21.307,2.581,0.872
2025-01-30 16:33:41.399050,221.616,235.12,1485.828,83.917,76.849,509.473,25.334,2.457,0.909
2025-01-30 16:43:41.399050,220.535,226.619,1503.759,78.028,79.001,496.634,23.836,2.469,0.848
2025-01-30 16:53:41.399050,222.111,226.116,1510.372,75.983,62.832,535.294,24.403,2.54,0.91
2025-01-30 17:03:41.399050,213.468,217.261,1510.511,80.792,81.509,480.549,26.446,2.579,0.938
2025-01-30 17:13:41.399050,217.571,231.912,1449.942,84.396,79.499,507.226,24.333,2.43,0.819
2025-01-30 17:23:41.399050,221.008,219.19,1447.651,77.759,74.803,475.171,24.806,2.572,0.866
2025-01-30 17:33:41.399050,227.897,234.335,1559.031,81.598,73.313,509.845,20.38,2.498,0.924
2025-01-30 17:43:41.399050,224.939,230.549,1683.951,81.16,72.521,506.024,22.466,2.473,0.962
2025-01-30 17:53:41.399050,221.342,232.361,1429.19,75.905,66.97,519.781,25.095,2.514,0.841
2025-01-30 18:03:41.399050,217.054,223.09,1518.238,78.986,70.477,491.25,25.872,2.505,0.898
2025-01-30 18:13:41.399050,215.359,236.257,1418.863,62.915,64.992,465.804,23.121,2.502,0.891
2025-01-30 18:23:41.399050,218.704,224.258,1445.113,70.435,75.384,501.314,26.44,2.514,0.958
2025-01-30 18:33:41.399050,224.194,230.026,1487.311,87.249,80.482,509.077,23.389,2.567,0.942
2025-01-30 18:43:41.399050,221.89,226.282,1497.727,77.655,70.658,505.661,24.968,2.484,0.888
2025-01-30 18:53:41.399050,223.54,234.038,1479.487,80.997,71.321,474.482,24.951,2.484,0.825
2025-01-30 19:03:41.399050,227.109,224.888,1499.598,89.874,80.29,506.197,25.716,2.454,0.89
2025-01-30 19:13:41.399050,213.408,219.544,1567.762,85.55,79.619,518.223,27.009,2.55,0.984
2025-01-30 19:23:41.399050,219.301,226.266,1514.1,74.875,67.049,527.537,22.98,2.51,0.892
2025-01-30 19:33:41.399050,220.051,229.612,1549.134,79.588,87.449,518.89,24.849,2.547,0.984
2025-01-30 19:43:41.399050,221.418,232.187,1537.258,83.626,72.115,503.947,24.572,2.481,0.881
2025-01-30 19:53:41.399050,225.835,223.416,1486.466,85.134,67.914,487.958,21.706,2.439,0.866
2025-01-30 20:03:41.399050,220.355,230.958,1458.55,85.079,73.848,493.715,23.474,2.483,0.999
2025-01-30 20:13:41.399050,213.474,229.246,1434.106,83.377,81.81,502.592,28.667,2.513,0.957
2025-01-30 20:23:41.399050,221.443,222.991,1574.025,81.025,73.047,499.131,27.471,2.48,0.969
2025-01-30 20:33:41.399050,215.068,235.088,1482.743,83.018,73.379,516.042,27.822,2.556,0.887
2025-01-30 20:43:41.399050,224.695,227.705,1479.444,78.007,78.71,500.951,27.255,2.54,0.826
2025-01-30 20:53:41.399050,230.177,231.738,1577.128,75.011,85.489,531.03,25.581,2.492,0.816
2025-01-30 21:03:41.399050,215.484,224.612,1428.734,73.005,66.65,484.066,23.626,2.506,0.95
2025-01-30 21:13:41.399050,223.405,230.934,1527.278,80.42,84.492,489.067,23.365,2.405,0.833
2025-01-30 21:23:41.399050,229.597,223.93,1438.993,87.698,75.892,494.67,22.606,2.521,0.864
2025-01-30 21:33:41.399050,214.518,222.807,1405.374,84.063,72.347,492.285,25.074,2.393,0.99
2025-01-30 21:43:41.399050,223.854,226.779,1528.578,84.185,64.283,531.953,24.75,2.508,0.886
2025-01-30 21:53:41.399050,224.482,229.306,1631.56,74.408,72.273,493.039,26.475,2.489,0.97
2025-01-30 22:03:41.399050,220.542,234.131,1454.414,78.485,64.712,523.76,25.404,2.501,0.927
2025-01-30 22:13:41.399050,222.349,229.216,1489.595,74.075,72.187,481.441,26.842,2.615,0.91
2025-01-30 22:23:41.399050,226.861,227.279,1553.182,79.945,65.503,503.563,27.727,2.539,0.859
2025-01-30 22:33:41.399050,221.103,230.756,1592.271,71.653,74.615,513.189,25.127,2.516,0.987
2025-01-30 22:43:41.399050,224.092,233.987,1486.815,82.152,62.366,466.529,24.563,2.408,0.824
2025-01-30 22:53:41.399050,210.392,227.641,1506.223,67.719,73.6,509.77,25.447,2.398,0.947
2025-01-30 23:03:41.399050,216.369,235.953,1505.457,87.125,73.714,480.342,26.239,2.518,0.825
2025-01-30 23:13:41.399050,223.67,237.973,1499.777,83.587,78.682,486.075,26.864,2.57,0.87
2025-01-30 23:23:41.399050,224.806,230.64,1488.876,83.82,78.584,499.142,24.572,2.49,0.984
2025-01-30 23:33:41.399050,215.83,235.799,1530.957,82.686,74.735,520.92,25.502,2.516,0.858
2025-01-30 23:43:41.399050,221.414,227.594,1574.227,80.74,75.323,500.734,25.347,2.472,0.993
2025-01-30 23:53:41.399050,215.803,223.838,1512.201,91.108,64.191,490.388,23.926,2.507,0.984
2025-01-31 00:03:41.399050,228.255,237.48,1526.801,82.617,75.749,504.808,26.817,2.468,0.946
2025-01-31 00:13:41.399050,224.22,229.922,1527.645,86.762,79.617,506.946,27.883,2.497,0.962
2025-01-31 00:23:41.399050,223.735,220.449,1483.425,83.786,72.475,474.246,28.873,2.455,0.913
2025-01-31 00:33:41.399050,225.44,227.936,1568.113,82.103,67.636,438.312,24.454,2.526,0.815
2025-01-31 00:43:41.399050,208.369,231.475,1456.358,78.817,75.532,455.896,26.753,2.467,0.96
2025-01-31 00:53:41.399050,216.174,231.448,1563.183,79.916,67.143,481.646,24.924,2.516,0.865
2025-01-31 01:03:41.399050,221.808,230.316,1457.588,73.641,79.931,516.073,23.11,2.529,0.991
2025-01-31 01:13:41.399050,222.619,233.819,1562.921,82.07,61.406,498.51,25.254,2.56,0.945
2025-01-31 01:23:41.399050,221.27,228.203,1492.404,75.131,76.456,521.594,23.643,2.486,0.802
2025-01-31 01:33:41.399050,227.048,223.06,1499.377,78.446,66.511,483.68,24.752,2.433,0.821
2025-01-31 01:43:41.399050,217.966,231.589,1479.211,74.277,80.307,512.673,24.311,2.518,0.815
2025-01-31 01:53:41.399050,218.096,219.141,1561.402,83.286,66.418,524.757,26.104,2.505,0.928
2025-01-31 02:03:41.399050,219.593,223.569,1432.425,78.431,72.082,498.866,24.748,2.516,0.979
2025-01-31 02:13:41.399050,215.358,231.87,1473.754,80.697,77.16,542.362,22.992,2.515,0.95
2025-01-31 02:23:41.399050,223.118,235.763,1481.326,89.654,76.462,531.083,27.081,2.525,0.915
2025-01-31 02:33:41.399050,222.753,227.916,1537.596,91.36,71.796,474.777,25.745,2.521,0.974
2025-01-31 02:43:41.399050,219.242,229.301,1478.413,87.527,73.833,497.765,27.36,2.518,0.8
2025-01-31 02:53:41.399050,216.31,238.309,1421.705,75.746,85.031,478.788,27.614,2.484,0.892
2025-01-31 03:03:41.399050,219.149,233.397,1443.429,83.852,70.474,502.961,22.357,2.587,0.831
2025-01-31 03:13:41.399050,217.3,233.203,1526.005,82.32,74.935,514.917,28.206,2.548,0.851
2025-01-31 03:23:41.399050,219.183,236.767,1438.13,80.445,74.505,497.728,23.589,2.505,0.861
2025-01-31 03:33:41.399050,218.275,222.793,1504.192,78.824,78.682,487.01,23.308,2.548,0.969
2025-01-31 03:43:41.399050,218.911,233.581,1554.387,85.362,75.839,503.563,25.493,2.624,0.895
2025-01-31 03:53:41.399050,228.453,232.399,1531.348,79.49,76.477,493.983,26.171,2.528,0.813
2025-01-31 04:03:41.399050,227.723,235.17,1551.158,82.689,77.905,487.395,27.267,2.456,0.825
2025-01-31 04:13:41.399050,215.012,233.719,1480.099,78.753,72.833,501.52,27.779,2.527,0.923
2025-01-31 04:23:41.399050,220.879,218.253,1434.526,83.718,70.636,476.042,25.745,2.471,0.998
2025-01-31 04:33:41.399050,218.408,225.519,1462.97,82.871,66.084,518.217,23.96,2.537,0.96
2025-01-31 04:43:41.399050,222.693,239.872,1398.953,73.52,74.799,488.096,23.602,2.423,0.943
2025-01-31 04:53:41.399050,215.581,222.411,1564.282,78.117,77.377,497.604,25.343,2.488,0.953
2025-01-31 05:03:41.399050,218.885,228.239,1521.735,74.007,72.263,457.327,26.3,2.518,0.976
2025-01-31 05:13:41.399050,221.051,222.091,1390.684,83.609,79.888,477.681,24.69,2.424,0.971
2025-01-31 05:23:41.399050,224.411,236.124,1517.883,77.966,77.56,460.711,28.159,2.596,0.999
2025-01-31 05:33:41.399050,221.922,231.592,1519.788,84.329,78.583,495.445,24.528,2.535,0.915
2025-01-31 05:43:41.399050,213.549,232.068,1503.156,84.041,66.226,457.953,23.587,2.38,0.985
2025-01-31 05:53:41.399050,219.147,229.144,1300.604,78.557,74.655,492.179,24.124,2.546,0.998
2025-01-31 06:03:41.399050,220.442,239.756,1466.349,80.054,84.246,508.834,23.4,2.47,0.951
2025-01-31 06:13:41.399050,223.79,223.893,1536.522,76.692,75.785,502.668,25.931,2.502,0.925
2025-01-31 06:23:41.399050,212.544,231.066,1474.089,79.652,80.635,491.475,26.081,2.486,0.913
2025-01-31 06:33:41.399050,226.482,229.388,1490.21,80.894,75.544,508.034,26.0,2.477,0.85
2025-01-31 06:43:41.399050,221.442,222.356,1503.686,77.72,71.506,507.612,24.549,2.497,0.895
2025-01-31 06:53:41.399050,226.758,225.091,1524.157,79.863,79.535,483.883,24.615,2.585,0.879
2025-01-31 07:03:41.399050,220.335,227.585,1491.353,82.163,78.305,538.032,24.09,2.55,0.903
2025-01-31 07:13:41.399050,215.224,234.115,1435.226,81.073,77.488,510.896,27.397,2.547,0.919
2025-01-31 07:23:41.399050,207.126,228.519,1528.575,74.333,73.222,519.22,26.367,2.513,0.919
2025-01-31 07:33:41.399050,217.783,233.704,1521.545,76.508,72.343,496.532,25.875,2.474,0.926
2025-01-31 07:43:41.399050,226.395,224.809,1508.163,83.592,73.87,483.977,24.659,2.521,0.842
2025-01-31 07:53:41.399050,222.308,235.504,1494.61,78.458,66.373,492.249,23.782,2.493,0.987
2025-01-31 08:03:41.399050,207.933,229.158,1467.811,87.152,73.753,544.491,23.069,2.492,0.877
2025-01-31 08:13:41.399050,217.931,234.013,1482.148,85.824,78.215,519.721,25.072,2.489,0.983
2025-01-31 08:23:41.399050,225.335,225.126,1491.439,84.362,74.019,503.066,25.596,2.467,0.888
2025-01-31 08:33:41.399050,230.064,224.693,1483.213,78.077,73.567,470.561,27.199,2.56,0.899
2025-01-31 08:43:41.399050,217.068,230.057,1394.176,86.545,70.675,497.64,23.804,2.486,0.814
2025-01-31 08:53:41.399050,213.24,230.211,1556.309,79.737,80.63,493.371,24.13,2.428,0.872
2025-01-31 09:03:41.399050,211.241,228.678,1465.276,83.634,73.973,468.792,25.391,2.485,0.929
2025-01-31 09:13:41.399050,216.066,232.737,1443.927,75.988,78.682,513.273,21.502,2.408,0.918
2025-01-31 09:23:41.399050,222.614,230.622,1578.677,75.933,79.117,528.552,24.357,2.495,0.883
2025-01-31 09:33:41.399050,222.082,232.587,1424.689,77.915,70.908,491.785,26.009,2.449,0.928
2025-01-31 09:43:41.399050,220.262,228.269,1541.27,73.224,74.795,493.021,23.616,2.466,0.975
2025-01-31 09:53:41.399050,207.703,229.811,1469.839,72.524,73.045,495.219,27.111,2.498,0.899
2025-01-31 10:03:41.399050,222.7,224.651,1507.609,84.112,71.742,524.808,26.503,2.544,0.854
2025-01-31 10:13:41.399050,226.006,222.768,1584.853,83.026,82.276,482.284,23.355,2.537,0.851
2025-01-31 10:23:41.399050,225.926,226.199,1440.426,70.858,69.647,482.825,26.74,2.463,0.972
2025-01-31 10:33:41.399050,224.981,228.2,1546.523,80.175,84.135,535.794,24.547,2.559,0.898
2025-01-31 10:43:41.399050,217.633,227.039,1511.458,80.301,77.317,484.475,25.233,2.495,0.974
2025-01-31 10:53:41.399050,216.48,227.981,1542.815,78.0,73.237,513.628,26.501,2.512,0.803
2025-01-31 11:03:41.399050,218.179,233.258,1590.771,67.186,78.879,510.41,23.071,2.5,0.974
2025-01-31 11:13:41.399050,219.57,223.62,1472.768,83.373,76.654,484.686,23.982,2.522,0.967
2025-01-31 11:23:41.399050,211.699,229.987,1554.309,83.404,73.449,479.372,23.629,2.494,0.838
2025-01-31 11:33:41.399050,219.04,232.871,1485.145,74.687,71.899,489.043,23.202,2.5,0.806
2025-01-31 11:43:41.399050,219.951,232.961,1471.223,88.745,65.679,522.623,22.598,2.475,0.988
2025-01-31 11:53:41.399050,230.477,225.061,1568.075,77.234,67.108,506.186,24.186,2.499,0.866
2025-01-31 12:03:41.399050,222.992,230.263,1509.458,80.81,73.245,492.165,22.491,2.452,0.954
2025-01-31 12:13:41.399050,223.655,239.436,1573.689,83.473,78.173,447.464,28.419,2.443,0.928
2025-01-31 12:23:41.399050,224.927,231.141,1497.141,80.779,69.642,500.794,25.268,2.503,0.939
2025-01-31 12:33:41.399050,219.513,223.953,1576.049,76.668,77.202,455.209,28.985,2.474,0.892
2025-01-31 12:43:41.399050,207.659,234.471,1489.848,75.915,73.059,487.47,22.183,2.515,0.802
2025-01-31 12:53:41.399050,214.664,231.318,1487.97,74.009,75.396,524.062,26.67,2.463,0.844
2025-01-31 13:03:41.399050,229.693,234.821,1402.755,73.929,73.907,476.32,25.537,2.473,0.99
2025-01-31 13:13:41.399050,224.443,236.673,1500.209,84.887,78.399,523.432,24.698,2.512,0.961
2025-01-31 13:23:41.399050,222.558,231.815,1465.9,86.409,67.948,499.256,23.239,2.572,0.808
2025-01-31 13:33:41.399050,218.99,228.692,1432.958,85.041,63.195,508.751,26.326,2.478,0.838
2025-01-31 13:43:41.399050,213.429,226.662,1443.903,75.657,77.797,495.744,23.986,2.395,0.855
2025-01-31 13:53:41.399050,227.927,228.203,1495.32,72.652,80.438,488.161,29.96,2.538,0.824
2025-01-31 14:03:41.399050,216.175,231.088,1512.777,79.0,68.9,497.357,25.429,2.474,0.838
2025-01-31 14:13:41.399050,225.286,223.492,1453.043,74.462,65.399,509.737,24.076,2.484,0.963
2025-01-31 14:23:41.399050,228.547,229.015,1453.96,88.5,75.572,518.302,25.895,2.453,0.895
2025-01-31 14:33:41.399050,220.363,233.238,1591.256,70.592,69.053,514.563,24.406,2.433,0.961
2025-01-31 14:43:41.399050,217.446,222.149,1520.285,83.935,85.323,541.013,23.122,2.568,0.888
2025-01-31 14:53:41.399050,214.516,233.2,1569.11,76.894,69.856,444.218,26.41,2.5,0.873
2025-01-31 15:03:41.399050,214.219,238.921,1548.901,85.513,74.947,496.382,25.264,2.517,0.889
2025-01-31 15:13:41.399050,218.265,235.308,1541.289,78.034,82.594,497.984,25.307,2.477,0.889
2025-01-31 15:23:41.399050,213.554,224.944,1513.926,74.912,69.56,505.908,23.54,2.422,0.801
2025-01-31 15:33:41.399050,219.233,222.438,1561.207,68.487,70.591,492.008,23.896,2.458,0.868
2025-01-31 15:43:41.399050,217.946,234.859,1551.683,80.373,75.082,504.971,28.582,2.499,0.912
2025-01-31 15:53:41.399050,225.095,226.052,1458.372,84.924,80.977,472.394,26.574,2.513,0.855
2025-01-31 16:03:41.399050,221.925,233.803,1492.267,85.532,80.995,477.139,25.502,2.477,0.988
2025-01-31 16:13:41.399050,221.799,223.197,1418.513,84.902,83.639,537.399,27.802,2.435,0.852
2025-01-31 16:23:41.399050,224.45,222.993,1535.13,86.762,80.692,488.974,26.188,2.531,0.884
2025-01-31 16:33:41.399050,222.55,228.971,1537.407,76.386,83.423,496.525,26.014,2.53,0.989
2025-01-31 16:43:41.399050,216.785,237.995,1419.378,73.919,67.98,470.05,24.31,2.487,0.85
2025-01-31 16:53:41.399050,219.155,222.504,1456.484,70.795,76.275,496.467,22.338,2.512,0.825
2025-01-31 17:03:41.399050,212.164,232.716,1531.945,80.284,74.653,508.685,25.139,2.482,0.828
2025-01-31 17:13:41.399050,229.641,236.303,1442.385,82.743,66.444,466.715,25.132,2.42,0.977
2025-01-31 17:23:41.399050,223.771,222.589,1395.867,84.757,77.912,492.422,26.277,2.601,0.942
2025-01-31 17:33:41.399050,211.472,226.404,1534.997,71.306,70.525,479.053,22.275,2.461,0.966
2025-01-31 17:43:41.399050,227.163,233.098,1406.425,76.856,79.825,463.758,25.154,2.455,0.885
2025-01-31 17:53:41.399050,219.713,233.552,1555.782,75.422,82.893,524.551,24.873,2.515,0.847
2025-01-31 18:03:41.399050,229.696,225.998,1459.592,82.133,85.475,529.684,23.847,2.569,0.984
2025-01-31 18:13:41.399050,220.91,233.736,1470.655,73.366,68.638,519.13,26.998,2.492,0.941
2025-01-31 18:23:41.399050,214.429,232.182,1517.522,85.577,72.639,495.999,27.904,2.509,0.96
2025-01-31 18:33:41.399050,222.943,228.621,1466.534,78.443,75.524,467.889,23.53,2.451,0.993
2025-01-31 18:43:41.399050,218.492,235.095,1554.962,80.75,83.578,497.098,21.692,2.482,0.849
2025-01-31 18:53:41.399050,218.188,240.938,1514.236,69.642,77.41,483.973,24.649,2.486,0.812
2025-01-31 19:03:41.399050,219.929,220.586,1590.139,79.278,68.78,521.673,24.002,2.439,0.825
2025-01-31 19:13:41.399050,218.893,222.775,1575.751,79.447,75.054,478.952,25.768,2.451,0.933
2025-01-31 19:23:41.399050,219.958,230.508,1491.877,76.033,82.191,538.667,22.331,2.455,0.932
2025-01-31 19:33:41.399050,220.115,232.88,1514.996,69.484,70.435,512.459,23.527,2.419,0.922
2025-01-31 19:43:41.399050,228.305,227.593,1578.224,81.703,72.308,489.888,22.937,2.452,0.837
2025-01-31 19:53:41.399050,223.62,242.565,1598.303,80.73,63.05,521.982,23.649,2.498,0.934
2025-01-31 20:03:41.399050,206.273,227.589,1513.312,88.679,73.222,487.818,24.38,2.459,0.973
2025-01-31 20:13:41.399050,214.192,234.443,1549.135,83.639,79.97,486.628,24.62,2.5,0.821
2025-01-31 20:23:41.399050,223.984,231.501,1518.118,72.907,67.859,503.561,24.833,2.569,0.861
2025-01-31 20:33:41.399050,213.138,241.613,1531.656,70.981,61.23,489.671,25.118,2.535,0.893
2025-01-31 20:43:41.399050,216.994,226.181,1587.165,84.663,79.075,500.645,26.405,2.344,0.984
2025-01-31 20:53:41.399050,223.557,231.303,1492.566,80.292,77.186,489.226,25.689,2.447,0.859
2025-01-31 21:03:41.399050,217.13,227.662,1500.267,78.784,66.194,489.162,25.178,2.567,0.826
2025-01-31 21:13:41.399050,216.016,245.019,1406.179,83.092,71.748,518.63,27.473,2.456,0.993
2025-01-31 21:23:41.399050,217.571,235.1,1415.63,76.006,77.001,494.219,25.211,2.511,0.871
2025-01-31 21:33:41.399050,230.915,228.654,1529.187,71.611,66.725,477.125,20.886,2.453,0.859
2025-01-31 21:43:41.399050,214.564,229.256,1494.789,90.351,81.592,508.462,27.211,2.449,0.948
2025-01-31 21:53:41.399050,217.493,229.499,1510.882,79.899,79.829,490.431,25.61,2.478,0.887
2025-01-31 22:03:41.399050,218.186,228.095,1432.706,71.377,70.364,492.847,26.672,2.394,0.815
2025-01-31 22:13:41.399050,218.221,240.385,1491.919,86.338,75.38,506.958,22.439,2.535,0.827
2025-01-31 22:23:41.399050,223.691,222.438,1504.778,70.78,68.994,486.556,27.484,2.541,0.91
2025-01-31 22:33:41.399050,213.492,224.337,1383.89,83.591,65.543,505.389,26.128,2.526,0.854
2025-01-31 22:43:41.399050,224.772,232.682,1453.131,81.582,78.527,466.828,28.383,2.537,0.851
2025-01-31 22:53:41.399050,217.931,227.734,1496.324,80.962,73.445,497.957,27.637,2.555,0.835
2025-01-31 23:03:41.399050,215.7,225.05,1448.045,77.104,77.047,468.895,20.687,2.528,0.81
2025-01-31 23:13:41.399050,213.532,232.716,1503.262,81.287,77.548,492.733,24.242,2.462,0.951
2025-01-31 23:23:41.399050,228.796,228.058,1532.941,84.797,82.734,505.654,25.348,2.505,0.825
2025-01-31 23:33:41.399050,216.279,229.069,1446.173,82.887,84.638,494.643,24.064,2.485,0.974
2025-01-31 23:43:41.399050,225.521,228.412,1497.608,81.241,77.243,512.285,27.252,2.535,0.89
2025-01-31 23:53:41.399050,222.297,229.145,1537.001,78.602,71.884,506.932,25.017,2.521,0.884
2025-02-01 00:03:41.399050,224.01,231.988,1482.795,86.02,79.747,528.042,21.764,2.449,0.913
2025-02-01 00:13:41.399050,219.473,230.264,1463.752,87.697,73.361,476.375,26.148,2.572,0.943
2025-02-01 00:23:41.399050,216.735,228.347,1428.649,83.852,76.014,497.07,25.361,2.436,0.946
2025-02-01 00:33:41.399050,224.629,230.337,1552.885,84.426,88.13,475.396,26.365,2.61,0.872
2025-02-01 00:43:41.399050,217.176,226.272,1649.698,81.691,74.716,482.59,24.773,2.532,0.95
2025-02-01 00:53:41.399050,218.797,224.052,1569.122,85.369,81.706,514.018,26.709,2.498,0.939
2025-02-01 01:03:41.399050,225.206,227.067,1514.914,74.369,76.019,481.977,26.568,2.447,0.991
2025-02-01 01:13:41.399050,220.829,226.236,1511.039,85.221,68.802,505.252,26.506,2.41,0.892
2025-02-01 01:23:41.399050,221.533,227.389,1465.023,81.032,69.174,472.696,23.501,2.447,0.825
2025-02-01 01:33:41.399050,219.699,232.225,1506.971,77.916,78.874,502.442,21.833,2.454,0.954
2025-02-01 01:43:41.399050,213.641,232.288,1466.449,77.869,65.066,503.684,27.99,2.468,0.896
2025-02-01 01:53:41.399050,222.136,237.342,1531.976,76.049,82.534,523.524,20.292,2.559,0.881
2025-02-01 02:03:41.399050,215.172,226.986,1467.125,81.673,79.036,472.932,24.307,2.518,0.979
2025-02-01 02:13:41.399050,215.636,236.244,1508.881,81.914,76.643,494.786,25.438,2.491,0.828
2025-02-01 02:23:41.399050,221.596,224.981,1500.275,82.263,75.339,505.505,24.429,2.485,0.936
2025-02-01 02:33:41.399050,220.089,233.377,1519.747,84.762,77.169,520.56,28.692,2.559,0.844
2025-02-01 02:43:41.399050,217.461,241.627,1510.174,82.571,77.082,476.655,25.415,2.556,0.853
2025-02-01 02:53:41.399050,216.884,235.074,1482.0,77.402,73.437,493.638,24.576,2.593,0.919
2025-02-01 03:03:41.399050,220.587,231.586,1543.768,81.749,72.835,483.881,29.619,2.55,0.949
2025-02-01 03:13:41.399050,218.748,230.858,1469.428,73.98,74.924,486.092,24.659,2.391,0.801
2025-02-01 03:23:41.399050,221.81,235.072,1490.969,81.133,74.862,473.508,23.178,2.45,0.811
2025-02-01 03:33:41.399050,221.365,223.113,1534.747,77.134,70.579,482.423,22.422,2.51,0.826
2025-02-01 03:43:41.399050,218.293,233.586,1488.991,89.125,70.582,502.76,23.438,2.481,0.909
2025-02-01 03:53:41.399050,229.677,227.791,1558.821,71.288,77.401,514.44,27.358,2.463,0.83
2025-02-01 04:03:41.399050,223.612,237.333,1393.672,84.918,74.513,505.509,25.337,2.521,0.963
2025-02-01 04:13:41.399050,208.851,230.684,1448.277,79.963,72.553,538.866,24.794,2.535,0.971
2025-02-01 04:23:41.399050,225.948,229.515,1490.406,86.09,87.585,511.758,25.291,2.431,0.979
2025-02-01 04:33:41.399050,216.326,229.383,1522.918,74.176,69.226,500.22,24.926,2.482,0.979
2025-02-01 04:43:41.399050,224.562,234.633,1531.944,78.848,74.383,503.594,28.959,2.444,0.896
2025-02-01 04:53:41.399050,220.528,224.13,1491.255,82.72,77.103,507.393,26.102,2.42,0.817
2025-02-01 05:03:41.399050,227.596,241.812,1524.5,75.521,77.632,477.037,23.057,2.494,0.988
2025-02-01 05:13:41.399050,220.122,232.543,1465.016,76.68,75.703,500.681,21.224,2.478,0.965
2025-02-01 05:23:41.399050,211.591,222.176,1481.901,83.701,68.688,522.87,21.205,2.488,0.948
2025-02-01 05:33:41.399050,214.798,222.917,1446.68,77.798,72.502,482.862,21.238,2.475,0.975
2025-02-01 05:43:41.399050,221.055,234.83,1461.386,82.523,77.964,472.513,22.841,2.536,0.957
2025-02-01 05:53:41.399050,215.848,230.174,1443.115,75.806,78.902,511.129,27.471,2.575,0.934
2025-02-01 06:03:41.399050,218.893,222.85,1582.807,80.66,88.027,509.451,22.084,2.584,0.825
2025-02-01 06:13:41.399050,213.577,231.285,1492.264,91.247,82.376,506.363,22.145,2.55,0.977
2025-02-01 06:23:41.399050,222.52,229.559,1453.882,86.548,70.794,490.425,26.889,2.523,0.964
2025-02-01 06:33:41.399050,216.27,222.625,1526.748,68.465,82.062,500.968,25.077,2.464,0.862
2025-02-01 06:43:41.399050,220.753,228.383,1499.851,79.758,78.473,518.321,25.444,2.548,0.842
2025-02-01 06:53:41.399050,225.275,237.761,1569.811,82.432,74.09,495.996,24.195,2.544,0.906
2025-02-01 07:03:41.399050,220.259,235.354,1591.008,74.626,78.22,496.699,27.994,2.558,0.898
2025-02-01 07:13:41.399050,215.054,234.616,1428.881,80.75,76.762,517.67,21.904,2.483,0.947
2025-02-01 07:23:41.399050,216.26,223.216,1512.539,76.064,77.115,514.471,22.155,2.468,0.86
2025-02-01 07:33:41.399050,224.676,231.116,1471.293,85.965,65.503,547.97,19.124,2.533,0.91
2025-02-01 07:43:41.399050,222.493,230.82,1572.431,80.711,80.096,463.803,21.076,2.499,0.817
2025-02-01 07:53:41.399050,215.046,238.744,1517.841,81.731,73.689,490.668,17.933,2.564,0.856
2025-02-01 08:03:41.399050,222.961,231.093,1507.212,73.477,77.939,510.885,23.648,2.456,0.959
2025-02-01 08:13:41.399050,217.267,234.735,1570.892,84.95,69.389,496.604,29.735,2.507,0.896
2025-02-01 08:23:41.399050,217.598,226.4,1457.766,77.392,65.816,500.322,22.983,2.526,0.993
2025-02-01 08:33:41.399050,225.053,230.221,1524.897,80.227,80.49,518.048,22.586,2.541,0.839
2025-02-01 08:43:41.399050,225.495,239.798,1475.543,77.738,84.46,516.122,23.89,2.459,0.899
2025-02-01 08:53:41.399050,229.18,235.46,1531.696,78.488,75.313,519.762,26.757,2.472,0.92
2025-02-01 09:03:41.399050,232.015,224.579,1555.887,76.7,67.867,521.004,27.071,2.48,0.946
2025-02-01 09:13:41.399050,226.6,229.341,1493.193,77.833,64.926,495.242,27.996,2.477,0.94
2025-02-01 09:23:41.399050,208.149,219.085,1472.7,73.504,72.187,545.983,22.161,2.479,0.959
2025-02-01 09:33:41.399050,229.57,229.617,1487.028,79.893,74.64,497.803,24.072,2.526,0.989
2025-02-01 09:43:41.399050,212.363,235.205,1503.713,82.309,76.976,435.092,26.065,2.562,0.838
2025-02-01 09:53:41.399050,223.78,235.604,1442.117,85.765,71.353,502.784,22.578,2.506,0.964
2025-02-01 10:03:41.399050,224.955,229.071,1487.238,94.935,82.68,477.948,24.471,2.45,0.974
2025-02-01 10:13:41.399050,216.626,234.047,1506.508,80.439,73.653,494.554,22.199,2.493,0.885
2025-02-01 10:23:41.399050,221.478,237.206,1532.677,77.864,73.388,507.336,26.263,2.478,0.886
2025-02-01 10:33:41.399050,222.519,227.891,1502.323,80.315,82.524,511.615,24.429,2.493,0.852
2025-02-01 10:43:41.399050,217.338,222.621,1561.159,78.333,76.637,495.291,26.091,2.522,0.939
2025-02-01 10:53:41.399050,219.548,236.348,1542.448,78.869,85.36,513.186,27.605,2.398,0.932
2025-02-01 11:03:41.399050,225.836,243.587,1677.075,78.625,74.801,495.269,28.035,2.44,0.827
2025-02-01 11:13:41.399050,215.982,236.28,1483.443,86.302,68.701,467.555,24.961,2.52,0.946
2025-02-01 11:23:41.399050,230.825,226.198,1526.577,87.729,71.29,490.37,25.322,2.453,0.818
2025-02-01 11:33:41.399050,223.066,225.636,1498.209,84.559,82.495,503.586,28.249,2.553,0.829
2025-02-01 11:43:41.399050,224.436,226.012,1481.824,91.286,78.106,478.877,23.062,2.417,0.824
2025-02-01 11:53:41.399050,217.857,234.449,1516.222,83.158,70.922,465.792,25.861,2.541,0.822
2025-02-01 12:03:41.399050,220.434,232.441,1499.1,76.574,81.084,513.048,24.088,2.498,0.811
2025-02-01 12:13:41.399050,220.918,232.622,1531.824,83.615,78.062,514.611,22.055,2.564,0.921
2025-02-01 12:23:41.399050,219.453,226.265,1572.838,84.136,67.264,492.008,26.705,2.529,0.998
2025-02-01 12:33:41.399050,216.644,227.1,1547.419,77.641,78.503,441.866,26.918,2.423,0.879
2025-02-01 12:43:41.399050,225.879,227.57,1525.662,83.324,81.78,507.761,25.415,2.379,0.979
2025-02-01 12:53:41.399050,227.276,227.986,1457.104,78.278,74.987,519.604,21.468,2.448,0.873
2025-02-01 13:03:41.399050,217.914,234.827,1407.416,89.662,76.444,505.512,21.4,2.535,0.872
2025-02-01 13:13:41.399050,210.758,231.798,1509.747,74.962,79.529,543.722,24.594,2.483,0.829
2025-02-01 13:23:41.399050,222.881,235.187,1647.032,81.479,72.269,490.767,23.963,2.467,0.859
2025-02-01 13:33:41.399050,221.215,218.87,1441.455,81.627,70.627,471.297,28.463,2.468,0.921
2025-02-01 13:43:41.399050,213.823,227.117,1499.193,80.289,83.209,494.849,25.694,2.4,0.944
2025-02-01 13:53:41.399050,217.95,225.465,1483.188,80.882,76.065,492.706,23.647,2.514,0.802
2025-02-01 14:03:41.399050,223.878,236.826,1405.97,89.658,72.758,507.244,22.438,2.476,0.966
2025-02-01 14:13:41.399050,217.112,227.494,1486.231,77.607,77.81,458.068,20.585,2.543,0.923
2025-02-01 14:23:41.399050,223.436,225.33,1428.763,89.136,79.767,532.907,25.334,2.545,0.886
2025-02-01 14:33:41.399050,221.032,221.2,1547.644,78.419,85.02,454.588,24.417,2.541,0.926
2025-02-01 14:43:41.399050,226.063,228.32,1423.194,83.996,76.981,496.179,23.411,2.455,0.829
2025-02-01 14:53:41.399050,218.558,234.836,1482.249,80.239,79.998,525.966,26.063,2.523,0.905
2025-02-01 15:03:41.399050,216.512,235.653,1459.856,77.8,71.154,524.818,21.329,2.574,0.873
2025-02-01 15:13:41.399050,226.704,244.254,1453.427,90.104,65.068,504.182,26.291,2.582,0.886
2025-02-01 15:23:41.399050,221.002,228.61,1466.244,84.884,67.267,526.891,28.639,2.403,0.931
2025-02-01 15:33:41.399050,224.136,231.992,1534.164,76.536,76.868,519.62,28.143,2.529,0.848
2025-02-01 15:43:41.399050,221.269,232.081,1464.63,82.685,72.815,496.604,25.143,2.444,0.98
2025-02-01 15:53:41.399050,222.427,236.483,1517.03,82.615,71.132,494.026,24.44,2.463,0.911
2025-02-01 16:03:41.399050,222.071,225.864,1571.628,78.007,80.178,511.748,25.469,2.429,0.839
2025-02-01 16:13:41.399050,220.791,222.981,1548.861,71.059,79.842,505.732,26.267,2.51,0.936
2025-02-01 16:23:41.399050,212.77,237.17,1503.244,84.22,78.059,505.267,23.847,2.471,0.98
2025-02-01 16:33:41.399050,209.204,231.552,1490.698,77.22,68.136,505.831,25.215,2.534,0.863
2025-02-01 16:43:41.399050,221.998,222.926,1488.058,84.786,76.417,495.481,21.384,2.517,0.965
2025-02-01 16:53:41.399050,212.306,217.614,1495.069,90.492,78.05,474.819,25.635,2.443,0.918
2025-02-01 17:03:41.399050,219.84,227.268,1541.656,80.288,73.008,468.005,24.251,2.508,0.882
2025-02-01 17:13:41.399050,217.542,231.516,1516.852,88.491,78.063,495.459,26.176,2.524,0.895
2025-02-01 17:23:41.399050,214.176,231.352,1531.032,80.472,72.77,475.956,27.598,2.428,0.946
2025-02-01 17:33:41.399050,226.975,234.255,1490.792,78.056,81.521,475.103,25.406,2.468,0.937
2025-02-01 17:43:41.399050,223.724,238.451,1475.04,74.724,69.409,491.027,23.968,2.536,0.925
2025-02-01 17:53:41.399050,217.796,226.835,1461.435,75.856,75.293,490.41,25.956,2.439,0.89
2025-02-01 18:03:41.399050,222.121,235.937,1476.878,88.281,75.892,498.254,21.559,2.548,0.863
2025-02-01 18:13:41.399050,210.236,226.216,1555.327,68.062,70.761,493.358,22.58,2.47,0.897
2025-02-01 18:23:41.399050,221.385,222.009,1527.31,80.706,62.824,510.447,23.807,2.525,0.849
2025-02-01 18:33:41.399050,223.812,228.082,1535.772,82.619,73.441,534.379,23.003,2.486,0.91
2025-02-01 18:43:41.399050,212.831,231.059,1520.151,98.473,72.217,505.188,25.198,2.453,0.813
2025-02-01 18:53:41.399050,223.197,229.475,1534.439,77.446,71.577,497.527,26.745,2.463,0.868
2025-02-01 19:03:41.399050,215.921,230.737,1424.583,88.362,75.027,476.028,25.098,2.585,0.822
2025-02-01 19:13:41.399050,225.102,228.193,1528.768,78.718,77.266,494.002,23.732,2.402,0.925
2025-02-01 19:23:41.399050,217.397,228.142,1488.954,78.934,77.007,463.575,25.118,2.559,0.864
2025-02-01 19:33:41.399050,218.688,234.216,1490.242,76.533,71.84,514.743,24.863,2.519,0.992
2025-02-01 19:43:41.399050,217.534,226.454,1518.124,68.048,76.767,491.737,28.081,2.478,0.853
2025-02-01 19:53:41.399050,216.648,232.13,1481.022,76.34,72.405,520.806,25.463,2.519,0.85
2025-02-01 20:03:41.399050,218.361,226.382,1529.507,81.106,81.072,494.013,25.138,2.448,0.807
2025-02-01 20:13:41.399050,222.214,231.274,1471.9,78.659,71.077,502.677,23.873,2.572,0.961
2025-02-01 20:23:41.399050,219.286,228.207,1606.268,83.876,73.168,515.318,23.281,2.486,0.856
2025-02-01 20:33:41.399050,222.274,236.631,1532.867,73.087,71.483,491.057,23.477,2.542,0.913
2025-02-01 20:43:41.399050,221.275,227.795,1471.859,75.426,82.343,469.807,25.158,2.531,0.825
2025-02-01 20:53:41.399050,227.245,229.175,1457.08,83.458,74.254,506.518,24.628,2.517,0.832
2025-02-01 21:03:41.399050,215.656,239.744,1495.759,85.241,76.577,506.731,24.348,2.551,0.936
2025-02-01 21:13:41.399050,221.62,234.433,1487.115,81.894,78.282,484.253,27.972,2.432,0.96
2025-02-01 21:23:41.399050,216.777,228.054,1460.367,73.112,79.99,482.743,23.776,2.489,0.936
2025-02-01 21:33:41.399050,212.37,220.444,1507.873,78.942,81.16,505.929,25.401,2.555,0.962
2025-02-01 21:43:41.399050,223.658,238.871,1470.282,82.062,75.184,517.287,26.935,2.618,0.967
2025-02-01 21:53:41.399050,217.847,221.67,1469.243,88.687,73.108,480.443,23.194,2.554,0.862
2025-02-01 22:03:41.399050,222.228,222.461,1477.461,75.773,72.407,504.322,29.698,2.508,0.973
2025-02-01 22:13:41.399050,219.984,234.103,1498.092,85.67,78.068,529.472,24.167,2.455,0.907
2025-02-01 22:23:41.399050,211.128,225.485,1526.889,82.584,71.423,519.744,22.561,2.419,0.993
2025-02-01 22:33:41.399050,222.617,236.473,1472.323,85.821,66.008,476.257,27.313,2.522,0.972
2025-02-01 22:43:41.399050,216.807,230.696,1574.753,78.605,74.842,509.944,28.221,2.503,0.928
2025-02-01 22:53:41.399050,225.285,228.584,1457.299,83.852,71.607,485.031,21.145,2.567,0.84
2025-02-01 23:03:41.399050,230.515,233.447,1488.564,78.66,76.638,488.933,23.483,2.488,0.899
2025-02-01 23:13:41.399050,228.096,235.642,1563.172,75.761,72.565,500.392,23.736,2.396,0.945
2025-02-01 23:23:41.399050,217.806,225.498,1457.956,78.3,78.075,529.493,20.375,2.572,0.906
2025-02-01 23:33:41.399050,213.274,235.173,1464.236,76.72,86.748,521.459,25.089,2.548,0.879
2025-02-01 23:43:41.399050,213.958,226.321,1452.219,78.121,75.464,491.088,25.476,2.442,0.968
2025-02-01 23:53:41.399050,213.852,241.308,1441.379,75.615,75.661,481.737,25.462,2.474,0.869
2025-02-02 00:03:41.399050,219.154,228.582,1477.102,81.951,69.239,499.326,21.13,2.514,0.99
2025-02-02 00:13:41.399050,219.142,231.498,1516.026,72.264,79.842,517.736,24.731,2.56,0.879
2025-02-02 00:23:41.399050,217.624,237.339,1546.317,82.913,78.599,468.225,28.803,2.502,0.914
2025-02-02 00:33:41.399050,212.09,231.234,1479.37,76.648,77.904,478.28,25.999,2.438,0.839
2025-02-02 00:43:41.399050,222.258,227.905,1544.7,84.322,79.819,511.901,26.624,2.55,0.832
2025-02-02 00:53:41.399050,225.555,225.675,1450.026,80.701,74.618,518.918,25.08,2.5,0.891
2025-02-02 01:03:41.399050,224.172,227.614,1435.23,78.017,74.69,472.732,25.075,2.449,0.875
2025-02-02 01:13:41.399050,221.303,229.25,1456.899,83.005,71.017,492.049,27.477,2.443,0.915
2025-02-02 01:23:41.399050,221.593,225.558,1454.707,76.166,72.353,477.921,24.291,2.524,0.862
2025-02-02 01:33:41.399050,223.434,232.86,1555.256,79.978,81.379,493.514,24.887,2.528,0.842
2025-02-02 01:43:41.399050,218.159,229.205,1425.775,74.101,73.04,501.42,23.991,2.506,0.829
2025-02-02 01:53:41.399050,222.125,233.42,1557.071,81.981,74.619,529.752,21.614,2.446,0.887
2025-02-02 02:03:41.399050,221.981,239.093,1518.988,73.435,75.559,505.21,24.286,2.545,0.815
2025-02-02 02:13:41.399050,219.93,228.271,1446.044,77.315,79.519,516.463,26.04,2.527,0.806
2025-02-02 02:23:41.399050,215.706,243.585,1470.583,80.732,73.966,521.087,26.271,2.473,0.846
2025-02-02 02:33:41.399050,220.399,231.969,1527.492,82.505,75.634,486.318,20.656,2.564,0.854
2025-02-02 02:43:41.399050,216.212,223.386,1372.196,77.471,80.056,495.976,26.505,2.453,0.823
2025-02-02 02:53:41.399050,220.008,225.807,1524.024,81.202,73.9,505.363,25.285,2.504,0.938
2025-02-02 03:03:41.399050,221.089,235.379,1476.058,82.453,69.801,486.032,24.178,2.541,0.801
2025-02-02 03:13:41.399050,206.425,233.084,1499.405,82.904,71.903,513.051,26.672,2.585,0.975
2025-02-02 03:23:41.399050,218.191,233.369,1521.692,72.073,69.978,484.231,25.847,2.471,0.871
2025-02-02 03:33:41.399050,217.397,230.789,1410.284,81.01,76.689,493.134,24.891,2.481,0.987
2025-02-02 03:43:41.399050,227.25,222.729,1478.944,88.886,83.677,476.235,26.21,2.571,0.933
2025-02-02 03:53:41.399050,225.1,231.398,1498.912,72.671,74.4,510.455,27.254,2.471,0.854
2025-02-02 04:03:41.399050,223.252,235.701,1447.979,81.354,78.802,532.19,28.923,2.45,0.859
2025-02-02 04:13:41.399050,216.073,220.29,1464.435,81.977,89.392,498.208,24.854,2.464,0.83
2025-02-02 04:23:41.399050,219.521,227.877,1520.466,79.092,74.834,496.026,29.723,2.465,0.81
2025-02-02 04:33:41.399050,216.04,227.173,1482.426,78.172,77.246,493.12,23.787,2.43,0.967
2025-02-02 04:43:41.399050,218.756,232.759,1428.066,81.521,64.927,516.818,24.192,2.559,0.901
2025-02-02 04:53:41.399050,223.377,225.298,1544.864,79.41,75.03,541.677,24.037,2.485,0.866
2025-02-02 05:03:41.399050,223.538,238.317,1450.974,78.165,71.603,504.408,25.239,2.496,0.942
2025-02-02 05:13:41.399050,223.937,222.108,1427.021,80.041,76.969,493.627,22.454,2.435,0.956
2025-02-02 05:23:41.399050,218.602,239.082,1414.802,87.762,73.813,463.528,24.157,2.46,0.952
2025-02-02 05:33:41.399050,221.801,225.851,1571.798,83.329,77.817,475.54,20.234,2.458,0.942
2025-02-02 05:43:41.399050,222.131,231.363,1471.367,80.005,67.559,452.644,25.635,2.444,0.808
2025-02-02 05:53:41.399050,223.224,227.665,1467.198,81.492,76.471,498.138,27.927,2.463,0.863
2025-02-02 06:03:41.399050,216.999,230.068,1493.707,70.977,68.166,493.241,27.5,2.465,0.923
2025-02-02 06:13:41.399050,220.217,229.193,1557.542,83.051,82.711,523.224,27.343,2.561,0.866
2025-02-02 06:23:41.399050,226.362,229.865,1465.109,77.531,77.125,502.197,24.248,2.528,0.963
2025-02-02 06:33:41.399050,210.749,239.166,1481.612,77.056,84.342,512.3,27.546,2.54,0.943
2025-02-02 06:43:41.399050,220.76,225.105,1512.912,80.471,72.832,494.241,26.683,2.496,0.864
2025-02-02 06:53:41.399050,227.113,230.994,1476.095,80.195,75.387,476.254,25.087,2.458,0.94
2025-02-02 07:03:41.399050,217.452,231.487,1508.203,77.357,75.859,541.327,24.091,2.547,0.931
2025-02-02 07:13:41.399050,217.407,231.157,1555.137,75.405,70.374,498.865,25.707,2.512,0.922
2025-02-02 07:23:41.399050,218.362,236.515,1600.996,85.616,74.301,501.27,26.283,2.459,0.914
2025-02-02 07:33:41.399050,221.127,227.138,1513.528,84.822,74.964,477.156,26.242,2.462,0.857
2025-02-02 07:43:41.399050,214.052,237.447,1439.965,70.246,69.219,521.069,23.606,2.469,0.936
2025-02-02 07:53:41.399050,219.358,231.071,1455.121,69.651,76.572,504.051,25.169,2.51,0.99
2025-02-02 08:03:41.399050,217.372,230.771,1558.863,81.118,83.196,464.181,26.256,2.526,0.866
2025-02-02 08:13:41.399050,212.122,229.312,1532.916,79.374,76.614,480.88,21.409,2.496,0.996
2025-02-02 08:23:41.399050,227.528,227.691,1541.495,82.192,73.268,487.347,24.089,2.509,0.851
2025-02-02 08:33:41.399050,224.736,228.752,1461.024,74.021,73.01,478.499,27.499,2.558,0.944
2025-02-02 08:43:41.399050,220.946,232.315,1494.59,79.959,80.331,475.893,24.204,2.488,0.842
2025-02-02 08:53:41.399050,214.246,245.207,1458.412,79.294,74.988,502.698,23.999,2.478,0.857
2025-02-02 09:03:41.399050,226.684,232.196,1480.875,77.661,74.612,513.013,27.061,2.486,0.83
2025-02-02 09:13:41.399050,222.213,233.584,1496.496,74.007,71.102,524.932,24.935,2.565,0.957
2025-02-02 09:23:41.399050,225.738,223.72,1495.887,87.965,81.843,511.63,23.192,2.487,0.815
2025-02-02 09:33:41.399050,222.824,233.7,1542.136,78.1,71.494,514.628,22.778,2.551,0.9
2025-02-02 09:43:41.399050,228.967,226.483,1423.946,81.834,74.918,499.292,27.683,2.466,0.976
2025-02-02 09:53:41.399050,216.084,227.908,1463.376,71.364,69.361,503.391,23.726,2.517,0.969
2025-02-02 10:03:41.399050,214.436,224.726,1369.179,87.361,77.885,535.632,25.086,2.492,0.991
2025-02-02 10:13:41.399050,217.499,231.518,1510.479,90.239,88.641,500.96,25.281,2.56,0.812
2025-02-02 10:23:41.399050,223.194,222.168,1408.654,77.979,79.381,501.084,25.0,2.407,0.96
2025-02-02 10:33:41.399050,211.706,235.001,1492.902,84.56,86.473,529.613,27.351,2.542,0.983
2025-02-02 10:43:41.399050,216.596,227.893,1538.68,68.454,72.706,486.03,23.185,2.433,0.833
2025-02-02 10:53:41.399050,217.188,225.712,1523.19,80.918,70.389,504.907,22.145,2.503,0.913
2025-02-02 11:03:41.399050,224.559,218.815,1469.853,77.281,78.421,503.849,29.747,2.423,0.987
2025-02-02 11:13:41.399050,217.811,234.131,1520.387,81.117,74.617,535.956,25.484,2.486,0.902
2025-02-02 11:23:41.399050,215.962,233.477,1471.585,79.109,68.658,503.95,26.835,2.503,0.904
2025-02-02 11:33:41.399050,223.873,239.753,1514.352,81.402,68.788,507.338,25.364,2.554,0.961
2025-02-02 11:43:41.399050,218.007,226.325,1534.49,89.88,68.836,495.188,27.731,2.6,0.954
2025-02-02 11:53:41.399050,214.521,235.49,1525.582,72.255,74.091,502.268,23.092,2.572,0.863
2025-02-02 12:03:41.399050,217.372,229.263,1534.621,79.535,66.142,526.453,23.031,2.424,0.959
2025-02-02 12:13:41.399050,215.682,232.284,1572.673,76.07,86.346,529.333,28.745,2.477,0.961
2025-02-02 12:23:41.399050,219.569,224.101,1498.913,82.239,77.494,532.314,25.953,2.475,0.934
2025-02-02 12:33:41.399050,222.758,228.076,1430.984,77.815,78.901,513.003,21.233,2.443,0.972
2025-02-02 12:43:41.399050,213.828,232.591,1464.083,80.664,72.752,484.537,26.996,2.554,0.823
2025-02-02 12:53:41.399050,226.415,229.68,1497.774,80.735,66.102,475.469,26.082,2.485,0.959
2025-02-02 13:03:41.399050,225.639,230.084,1461.018,72.177,74.198,538.644,22.917,2.556,0.811
2025-02-02 13:13:41.399050,222.444,226.233,1565.796,77.465,82.361,506.33,28.214,2.521,0.803
2025-02-02 13:23:41.399050,219.303,231.719,1435.927,84.201,68.393,517.252,25.05,2.491,0.964
2025-02-02 13:33:41.399050,210.816,225.68,1491.038,72.262,63.27,480.941,19.349,2.468,0.893
2025-02-02 13:43:41.399050,227.461,227.653,1530.082,79.852,81.794,512.826,25.016,2.559,0.857
2025-02-02 13:53:41.399050,217.277,225.125,1577.265,78.419,79.648,487.003,27.565,2.52,0.943
2025-02-02 14:03:41.399050,225.16,222.68,1611.083,73.615,63.059,509.393,25.477,2.46,0.89
2025-02-02 14:13:41.399050,223.572,225.557,1480.176,79.908,67.681,493.124,28.432,2.465,0.82
2025-02-02 14:23:41.399050,216.013,231.5,1485.31,81.469,70.385,497.718,24.605,2.519,0.807
2025-02-02 14:33:41.399050,217.718,232.336,1484.257,67.664,76.946,500.752,25.326,2.455,0.987
2025-02-02 14:43:41.399050,225.006,225.786,1466.038,80.915,71.06,523.564,22.942,2.477,0.961
2025-02-02 14:53:41.399050,222.661,224.918,1516.42,76.079,75.665,512.675,25.376,2.457,0.849
2025-02-02 15:03:41.399050,218.269,246.31,1469.003,75.824,71.86,487.571,25.955,2.539,0.852
2025-02-02 15:13:41.399050,215.366,230.205,1484.827,69.981,82.196,537.909,24.214,2.506,0.904
2025-02-02 15:23:41.399050,220.599,240.958,1442.867,84.949,70.667,516.881,23.43,2.504,1.0
2025-02-02 15:33:41.399050,216.205,228.8,1490.477,81.04,70.573,482.241,23.696,2.491,0.908
2025-02-02 15:43:41.399050,220.077,227.622,1503.099,87.795,80.073,519.305,25.651,2.493,0.883
2025-02-02 15:53:41.399050,222.846,224.377,1458.578,83.744,69.083,477.782,28.31,2.47,0.845
2025-02-02 16:03:41.399050,224.444,236.841,1587.012,80.116,72.739,503.325,26.771,2.456,0.918
2025-02-02 16:13:41.399050,222.736,230.414,1424.163,82.665,75.013,517.12,28.989,2.497,0.84
2025-02-02 16:23:41.399050,218.265,221.802,1485.627,70.363,82.452,494.565,27.06,2.53,0.842
2025-02-02 16:33:41.399050,225.023,236.882,1464.468,75.897,74.639,507.741,28.068,2.62,0.979
2025-02-02 16:43:41.399050,218.998,228.242,1499.848,76.484,73.377,469.506,21.016,2.515,0.816
2025-02-02 16:53:41.399050,222.668,224.734,1520.446,85.121,72.668,482.319,28.94,2.453,0.964
2025-02-02 17:03:41.399050,218.832,221.153,1580.869,80.545,76.116,465.526,25.951,2.487,0.827
2025-02-02 17:13:41.399050,221.054,230.814,1550.058,84.657,79.242,524.282,25.568,2.567,0.817
2025-02-02 17:23:41.399050,212.906,223.729,1460.237,80.029,74.01,497.85,24.334,2.494,0.968
2025-02-02 17:33:41.399050,219.805,226.147,1405.502,75.166,76.626,469.176,31.196,2.515,0.971
2025-02-02 17:43:41.399050,222.044,223.109,1465.428,78.055,72.079,464.097,28.075,2.525,0.866
2025-02-02 17:53:41.399050,213.685,222.248,1535.767,78.998,71.576,467.398,23.354,2.486,0.904
2025-02-02 18:03:41.399050,219.791,228.872,1496.807,82.071,78.686,478.475,26.441,2.568,0.812
2025-02-02 18:13:41.399050,214.113,239.061,1496.007,80.86,69.885,492.021,28.267,2.498,0.936
2025-02-02 18:23:41.399050,223.215,228.719,1600.18,77.306,69.298,506.385,24.843,2.531,0.801
2025-02-02 18:33:41.399050,217.443,236.125,1581.064,74.242,72.138,505.489,27.363,2.595,0.978
2025-02-02 18:43:41.399050,229.525,235.562,1482.548,76.56,71.967,497.221,26.945,2.459,0.888
2025-02-02 18:53:41.399050,220.464,225.925,1403.131,88.647,72.131,502.712,26.46,2.52,0.821
2025-02-02 19:03:41.399050,216.283,228.231,1531.45,89.049,84.452,504.189,22.488,2.436,0.806
2025-02-02 19:13:41.399050,217.584,230.794,1477.13,76.004,79.601,488.196,22.578,2.645,0.94
2025-02-02 19:23:41.399050,221.854,223.454,1428.183,81.369,71.657,538.544,22.358,2.518,0.899
2025-02-02 19:33:41.399050,217.975,232.178,1453.913,78.299,81.446,500.612,25.813,2.47,0.832
2025-02-02 19:43:41.399050,215.468,235.292,1531.722,74.275,76.894,481.718,25.477,2.46,0.952
2025-02-02 19:53:41.399050,220.681,233.865,1517.151,78.719,77.031,493.239,26.228,2.495,0.923
2025-02-02 20:03:41.399050,211.731,228.506,1588.513,80.567,76.56,518.948,21.663,2.574,0.86
2025-02-02 20:13:41.399050,224.763,231.334,1450.608,84.38,77.353,514.474,21.666,2.505,0.98
2025-02-02 20:23:41.399050,214.848,230.555,1617.001,86.194,78.293,499.876,25.181,2.568,0.819
2025-02-02 20:33:41.399050,217.283,231.96,1548.297,80.199,80.771,510.802,24.082,2.521,0.852
2025-02-02 20:43:41.399050,221.888,225.288,1499.23,77.136,77.389,489.537,27.268,2.432,0.951
2025-02-02 20:53:41.399050,226.199,229.697,1572.394,70.968,80.862,492.53,25.633,2.597,0.934
2025-02-02 21:03:41.399050,220.242,237.118,1458.628,77.246,65.725,504.298,23.387,2.594,0.861
2025-02-02 21:13:41.399050,229.803,232.253,1518.49,86.421,79.655,480.015,24.253,2.481,0.892
2025-02-02 21:23:41.399050,226.701,220.883,1493.841,85.398,66.87,507.365,25.165,2.439,0.907
2025-02-02 21:33:41.399050,215.993,229.44,1445.081,82.958,74.587,496.029,23.323,2.528,0.866
2025-02-02 21:43:41.399050,226.848,233.735,1516.891,73.476,71.613,496.048,24.638,2.547,0.919
2025-02-02 21:53:41.399050,224.363,229.547,1491.948,80.801,69.747,498.759,27.753,2.49,0.91
2025-02-02 22:03:41.399050,221.231,233.215,1570.513,80.262,76.928,525.168,24.011,2.572,0.807
2025-02-02 22:13:41.399050,219.306,229.43,1467.206,82.258,68.869,484.48,24.703,2.501,0.944
2025-02-02 22:23:41.399050,218.52,223.982,1460.982,74.858,82.759,527.391,22.842,2.484,0.833
2025-02-02 22:33:41.399050,213.25,233.09,1505.855,72.751,83.096,507.545,21.805,2.476,0.991
2025-02-02 22:43:41.399050,219.657,237.461,1439.226,81.096,67.541,499.576,21.661,2.535,0.833
2025-02-02 22:53:41.399050,225.796,223.349,1513.855,74.349,79.634,483.157,23.94,2.476,0.866
2025-02-02 23:03:41.399050,213.822,227.956,1464.462,74.841,70.711,469.608,24.852,2.429,0.889
2025-02-02 23:13:41.399050,217.248,229.439,1453.763,90.103,81.185,502.419,25.829,2.464,0.86
2025-02-02 23:23:41.399050,225.696,222.458,1470.659,83.04,74.811,455.61,22.981,2.497,0.879
2025-02-02 23:33:41.399050,217.918,225.465,1512.056,71.062,75.822,513.054,22.913,2.415,0.822
2025-02-02 23:43:41.399050,221.937,224.115,1526.625,79.057,71.169,489.908,26.966,2.438,0.823
2025-02-02 23:53:41.399050,218.147,228.277,1521.857,73.273,73.992,501.071,24.338,2.567,0.981
2025-02-03 00:03:41.399050,224.031,228.18,1532.361,79.042,69.448,532.349,25.848,2.51,0.961
2025-02-03 00:13:41.399050,219.357,231.492,1477.348,82.822,77.836,459.564,26.419,2.431,0.823
2025-02-03 00:23:41.399050,227.206,225.24,1452.249,81.103,78.734,525.338,23.396,2.526,0.917
2025-02-03 00:33:41.399050,224.074,233.3,1536.4,76.468,72.027,525.852,26.714,2.524,0.979
2025-02-03 00:43:41.399050,219.591,222.697,1504.214,93.282,68.351,494.498,29.6,2.532,0.904
2025-02-03 00:53:41.399050,223.815,240.372,1495.72,84.14,75.774,506.411,26.877,2.404,0.989
2025-02-03 01:03:41.399050,217.008,229.823,1476.254,83.836,72.946,513.009,27.609,2.394,0.961
2025-02-03 01:13:41.399050,210.986,230.151,1612.465,73.338,77.076,521.767,24.412,2.488,0.94
2025-02-03 01:23:41.399050,222.131,226.751,1542.346,74.578,73.366,504.412,24.958,2.46,0.922
2025-02-03 01:33:41.399050,223.923,236.76,1596.589,75.271,75.723,528.938,23.49,2.454,0.932
2025-02-03 01:43:41.399050,214.767,233.668,1623.587,84.051,64.427,484.06,22.875,2.492,0.85
2025-02-03 01:53:41.399050,217.409,230.965,1508.128,72.728,77.552,497.727,25.274,2.476,0.869
2025-02-03 02:03:41.399050,215.899,232.383,1512.009,80.918,72.046,478.857,26.262,2.437,0.912
2025-02-03 02:13:41.399050,219.764,230.046,1494.597,78.611,87.939,478.511,25.57,2.533,0.951
2025-02-03 02:23:41.399050,218.963,235.468,1540.824,70.141,71.71,494.1,23.176,2.493,0.967
2025-02-03 02:33:41.399050,218.113,232.729,1428.965,84.894,72.427,465.951,22.762,2.504,0.988
2025-02-03 02:43:41.399050,234.421,229.282,1461.052,76.433,80.037,475.516,24.813,2.501,0.937
2025-02-03 02:53:41.399050,217.756,230.016,1449.093,87.464,74.817,492.068,29.248,2.482,0.987
2025-02-03 03:03:41.399050,218.459,236.315,1460.474,77.582,73.797,520.916,29.469,2.39,0.842
2025-02-03 03:13:41.399050,224.793,231.003,1558.942,76.429,73.407,532.691,26.947,2.389,0.96
2025-02-03 03:23:41.399050,219.991,226.899,1481.633,82.031,79.198,527.214,23.083,2.564,0.944
2025-02-03 03:33:41.399050,218.783,234.304,1499.755,79.883,83.607,466.918,24.688,2.513,0.804
2025-02-03 03:43:41.399050,214.846,238.343,1543.24,80.728,72.785,484.343,25.403,2.46,0.934
2025-02-03 03:53:41.399050,212.228,227.795,1495.334,75.293,83.129,501.034,26.367,2.431,0.863
2025-02-03 04:03:41.399050,217.385,235.2,1412.063,79.881,68.256,496.773,23.476,2.532,0.806
2025-02-03 04:13:41.399050,227.937,230.715,1575.228,73.322,78.791,511.482,26.094,2.581,0.925
2025-02-03 04:23:41.399050,218.044,226.646,1432.515,87.809,76.02,519.31,24.54,2.441,0.847
2025-02-03 04:33:41.399050,220.723,233.898,1564.631,86.993,73.264,496.668,20.934,2.522,0.919
2025-02-03 04:43:41.399050,217.788,223.039,1503.841,79.331,73.513,494.26,24.23,2.547,0.935
2025-02-03 04:53:41.399050,210.239,227.909,1461.751,83.444,72.89,495.62,23.304,2.477,0.88
2025-02-03 05:03:41.399050,212.511,227.664,1488.482,88.31,69.968,481.087,25.487,2.414,0.934
2025-02-03 05:13:41.399050,216.42,226.76,1513.745,72.51,76.861,498.125,23.283,2.413,0.807
2025-02-03 05:23:41.399050,222.296,231.627,1554.228,78.244,74.088,521.77,23.051,2.433,0.824
2025-02-03 05:33:41.399050,216.752,224.283,1489.325,93.51,72.301,471.661,24.228,2.417,0.842
2025-02-03 05:43:41.399050,211.742,223.57,1437.703,73.955,67.192,532.445,25.732,2.478,0.854
2025-02-03 05:53:41.399050,230.284,239.463,1510.474,73.358,75.961,497.295,23.762,2.505,0.816
2025-02-03 06:03:41.399050,207.927,227.69,1499.854,73.476,74.736,491.944,23.657,2.553,0.812
2025-02-03 06:13:41.399050,215.318,231.055,1466.138,78.12,77.413,470.571,23.032,2.53,0.857
2025-02-03 06:23:41.399050,219.193,225.018,1536.165,77.785,70.309,521.819,26.929,2.491,0.975
2025-02-03 06:33:41.399050,218.885,227.117,1463.229,79.349,73.949,489.823,27.423,2.495,0.818
2025-02-03 06:43:41.399050,211.919,230.868,1510.15,88.807,71.422,485.16,23.992,2.503,0.945
2025-02-03 06:53:41.399050,223.917,223.513,1430.035,70.39,79.716,503.176,22.455,2.427,0.892
2025-02-03 07:03:41.399050,221.522,230.947,1431.219,90.004,71.107,516.129,26.391,2.492,0.886
2025-02-03 07:13:41.399050,223.627,231.338,1524.51,86.109,74.937,489.707,26.762,2.483,0.945
2025-02-03 07:23:41.399050,225.223,231.849,1516.398,73.892,77.91,508.44,27.676,2.505,0.812
2025-02-03 07:33:41.399050,218.394,232.279,1504.147,75.126,78.433,520.731,23.099,2.431,0.981
2025-02-03 07:43:41.399050,222.518,228.572,1446.869,76.976,70.837,508.911,26.689,2.498,0.852
2025-02-03 07:53:41.399050,224.631,234.783,1540.315,88.439,85.148,482.223,23.864,2.413,0.951
2025-02-03 08:03:41.399050,218.372,238.5,1508.091,80.582,79.379,535.114,26.241,2.479,0.897
2025-02-03 08:13:41.399050,221.595,228.151,1535.999,79.283,78.537,520.635,24.671,2.454,0.925
2025-02-03 08:23:41.399050,215.89,222.498,1523.67,75.757,72.484,473.535,25.104,2.478,0.957
2025-02-03 08:33:41.399050,212.547,235.327,1484.497,78.001,76.947,493.794,23.579,2.496,0.993
2025-02-03 08:43:41.399050,222.534,230.616,1501.948,75.314,74.397,472.383,21.819,2.439,0.983
2025-02-03 08:53:41.399050,223.611,231.498,1462.368,75.152,75.805,523.778,25.193,2.486,0.986
2025-02-03 09:03:41.399050,226.563,232.375,1536.605,85.582,66.828,488.674,21.91,2.507,0.815
2025-02-03 09:13:41.399050,222.409,231.87,1450.722,75.832,82.127,476.052,29.342,2.44,0.815
2025-02-03 09:23:41.399050,215.093,225.576,1448.1,84.18,72.646,437.275,22.782,2.54,0.919
2025-02-03 09:33:41.399050,217.563,239.267,1567.024,79.315,68.276,529.601,27.755,2.584,0.916
2025-02-03 09:43:41.399050,221.734,235.071,1403.114,90.076,72.798,513.13,23.25,2.428,0.815
2025-02-03 09:53:41.399050,228.874,218.103,1473.462,76.222,72.364,507.655,27.58,2.526,0.902
2025-02-03 10:03:41.399050,214.807,226.727,1564.494,78.138,71.915,478.185,23.243,2.52,0.809
2025-02-03 10:13:41.399050,214.976,230.651,1568.072,79.431,72.619,529.097,28.87,2.412,0.848
2025-02-03 10:23:41.399050,225.686,235.537,1521.555,75.29,61.869,461.868,27.327,2.46,0.997
2025-02-03 10:33:41.399050,215.83,225.121,1401.042,67.233,81.048,480.57,28.468,2.45,0.872
2025-02-03 10:43:41.399050,215.21,242.636,1402.578,81.986,75.99,503.051,25.795,2.435,0.952
2025-02-03 10:53:41.399050,220.004,224.866,1630.599,82.261,75.522,526.207,26.741,2.433,0.918
2025-02-03 11:03:41.399050,214.732,226.096,1486.169,78.158,77.503,526.208,26.948,2.527,0.84
2025-02-03 11:13:41.399050,222.356,235.657,1453.262,78.772,77.343,501.687,28.2,2.493,0.802
2025-02-03 11:23:41.399050,221.46,221.077,1524.316,85.182,66.468,507.693,26.308,2.459,0.944
2025-02-03 11:33:41.399050,217.828,227.918,1578.829,83.192,71.913,491.548,23.447,2.458,0.916
2025-02-03 11:43:41.399050,217.139,225.905,1367.192,83.617,72.438,495.202,25.097,2.572,0.978
2025-02-03 11:53:41.399050,218.493,236.559,1448.995,82.909,73.334,472.31,23.261,2.535,0.958
2025-02-03 12:03:41.399050,218.289,233.495,1440.89,78.471,75.666,506.716,25.225,2.523,0.869
2025-02-03 12:13:41.399050,216.485,225.984,1589.845,81.239,76.18,524.549,22.007,2.468,0.815
2025-02-03 12:23:41.399050,214.92,224.892,1510.261,80.648,79.137,516.811,25.919,2.566,0.879
2025-02-03 12:33:41.399050,215.155,234.253,1490.353,80.442,75.334,491.81,23.1,2.422,0.994
2025-02-03 12:43:41.399050,218.054,239.895,1588.922,89.934,78.436,520.863,26.514,2.513,0.933
2025-02-03 12:53:41.399050,225.598,230.293,1536.433,79.558,79.099,522.631,24.308,2.488,0.8
2025-02-03 13:03:41.399050,219.947,228.672,1498.906,77.118,72.474,496.989,25.166,2.384,0.906
2025-02-03 13:13:41.399050,216.131,237.912,1476.97,83.156,71.88,497.107,25.93,2.564,1.0
2025-02-03 13:23:41.399050,214.798,232.842,1528.282,81.481,76.895,482.271,25.12,2.399,0.98
2025-02-03 13:33:41.399050,209.135,238.862,1483.726,81.604,80.202,484.601,24.159,2.448,0.879
2025-02-03 13:43:41.399050,213.242,231.279,1492.623,82.639,72.625,479.612,23.847,2.389,0.98
